order_item_id,order_id,product_id,quantity,discount
OI700001,O50000,P2011,3,0.2
OI700002,O50001,P2002,4,0.0
OI700003,O50001,P2008,3,0.15
OI700004,O50002,P2005,5,0.0
OI700005,O50002,P2002,5,0.1
OI700006,O50002,P2006,1,0.05
OI700007,O50003,P2010,5,0.1
OI700008,O50003,P2006,1,0.0
OI700009,O50003,P2006,3,0.0
OI700010,O50004,P2008,5,0.2
OI700011,O50004,P2005,2,0.2
OI700012,O50005,P2004,4,0.0
OI700013,O50005,P2006,0,0.2
OI700014,O50005,P2001,5,0.05
OI700015,O50006,P2008,4,0.0
OI700016,O50007,P2002,3,0.0
OI700017,O50008,P2001,4,0.2
OI700018,O50008,P2009,5,0.2
OI700019,O50008,P2001,2,0.15
OI700020,O50009,P2009,4,0.2
OI700021,O50009,P2004,2,0.0
OI700022,O50010,P2004,3,0.1
OI700023,O50011,P2010,4,0.0
OI700024,O50011,P2006,4,0.05
OI700025,O50011,P2006,4,0.15
OI700026,O50012,P2006,-2,0.05
OI700027,O50012,P2009,3,0.1
OI700028,O50012,P2003,3,0.05
OI700029,O50013,P2011,4,0.1
OI700030,O50013,P2012,5,0.1
OI700031,O50014,P2005,5,0.05
OI700032,O50014,P2004,1,0.2
OI700033,O50014,P2004,5,0.0
OI700034,O50015,P2006,3,0.0
OI700035,O50015,P2001,2,0.1
OI700036,O50016,P2006,2,0.05
OI700037,O50016,P2008,3,0.2
OI700038,O50016,P2006,3,0.0
OI700039,O50017,P2011,2,0.1
OI700040,O50018,P2001,3,0.05
OI700041,O50018,P2002,3,0.1
OI700042,O50019,P2007,4,0.05
OI700043,O50020,P2008,4,0.0
OI700044,O50020,P2010,2,0.15
OI700045,O50020,P2010,2,0.05
OI700046,O50021,P2008,4,0.1
OI700047,O50022,P2004,3,0.2
OI700048,O50023,P2005,4,0.05
OI700049,O50024,P2011,2,0.15
OI700050,O50024,P2010,4,0.0
OI700051,O50024,P9999,2,0.0
OI700052,O50025,P2008,3,0.05
OI700053,O50026,P2003,3,0.15
OI700054,O50027,P2004,3,0.0
OI700055,O50027,P2003,1,0.1
OI700056,O50028,P2007,4,0.05
OI700057,O50028,P2011,5,0.0
OI700058,O50029,P2003,2,0.1
OI700059,O50029,P2001,2,0.0
OI700060,O50029,P2006,5,0.2
OI700061,O50030,P2007,3,0.1
OI700062,O50031,P2012,3,0.0
OI700063,O50031,P2011,5,0.05
OI700064,O50032,P2011,3,0.1
OI700065,O50032,P2012,5,0.1
OI700066,O50033,P2006,4,0.05
OI700067,O50034,P2008,1,0.1
OI700068,O50034,P2009,2,0.1
OI700069,O50035,P2001,4,0.05
OI700070,O50035,P2005,4,0.0
OI700071,O50035,P2001,3,0.2
OI700072,O50036,P2010,1,0.1
OI700073,O50037,P2006,1,0.15
OI700074,O50037,P2004,4,0.15
OI700075,O50038,P2004,4,0.2
OI700076,O50038,P2012,5,0.05
OI700077,O50039,P2005,5,0.2
OI700078,O50039,P2011,1,0.05
OI700079,O50040,P2009,2,0.0
OI700080,O50040,P2002,4,0.1
OI700081,O50040,P2006,5,0.0
OI700082,O50041,P2004,5,0.2
OI700083,O50041,P2007,2,0.05
OI700084,O50041,P2003,5,0.0
OI700085,O50042,P2006,4,0.2
OI700086,O50042,P2007,4,0.1
OI700087,O50043,P2002,2,0.1
OI700088,O50043,P2001,2,0.1
OI700089,O50044,P2010,5,0.15
OI700090,O50044,P2001,3,0.15
OI700091,O50045,P2006,3,0.1
OI700092,O50045,P2007,1,0.1
OI700093,O50046,P2009,5,0.1
OI700094,O50047,P2012,4,0.1
OI700095,O50047,P2001,1,0.05
OI700096,O50048,P2009,3,0.2
OI700097,O50049,P2011,3,0.05
OI700098,O50049,P2009,3,0.05
OI700099,O50050,P2008,2,0.15
OI700100,O50050,P2012,3,0.05
OI700101,O50051,P2011,1,0.2
OI700102,O50051,P2005,5,0.15
OI700103,O50052,P2011,1,0.1
OI700104,O50052,P2002,2,0.0
OI700105,O50052,P2009,4,0.15
OI700106,O50053,P2004,4,0.2
OI700107,O50054,P2001,3,0.0
OI700108,O50054,P2010,1,0.2
OI700109,O50054,P2002,1,0.2
OI700110,O50055,P2006,4,0.05
OI700111,O50055,P2009,3,0.05
OI700112,O50056,P2001,2,0.1
OI700113,O50056,P2002,1,0.15
OI700114,O50057,P2002,4,0.15
OI700115,O50057,P2001,2,0.05
OI700116,O50058,P2001,5,0.05
OI700117,O50058,P2002,5,0.0
OI700118,O50058,P2002,5,0.1
OI700119,O50059,P2009,4,0.15
OI700120,O50059,P2001,3,0.05
OI700121,O50060,P2007,1,0.2
OI700122,O50060,P2004,2,0.2
OI700123,O50060,P2010,5,0.15
OI700124,O50061,P2002,3,0.05
OI700125,O50061,P2005,2,0.05
OI700126,O50061,P2006,5,0.15
OI700127,O50062,P2006,3,0.05
OI700128,O50062,P2007,4,0.05
OI700129,O50063,P2009,3,0.05
OI700130,O50063,P2007,4,0.05
OI700131,O50064,P2009,2,0.05
OI700132,O50064,P2011,2,0.1
OI700133,O50065,P2012,3,0.15
OI700134,O50066,P2005,2,0.15
OI700135,O50066,P2011,1,0.2
OI700136,O50067,P2002,1,0.15
OI700137,O50067,P2011,2,0.15
OI700138,O50067,P2012,2,0.05
OI700139,O50068,P2004,3,0.1
OI700140,O50068,P2007,2,0.15
OI700141,O50068,P2009,2,0.1
OI700142,O50069,P2003,5,0.1
OI700143,O50070,P2011,4,0.15
OI700144,O50070,P2009,3,0.15
OI700145,O50071,P2011,1,0.2
OI700146,O50072,P2002,4,0.2
OI700147,O50072,P2007,2,0.2
OI700148,O50072,P2007,1,0.05
OI700149,O50073,P2006,2,0.15
OI700150,O50073,P2002,2,0.1
OI700151,O50073,P2001,2,0.2
OI700152,O50074,P2011,2,0.0
OI700153,O50074,P2010,2,0.15
OI700154,O50074,P2002,4,0.1
OI700155,O50075,P2002,3,0.2
OI700156,O50075,P2005,4,0.0
OI700157,O50075,P2009,2,0.1
OI700158,O50076,P2008,3,0.0
OI700159,O50076,P2005,5,0.05
OI700160,O50076,P2008,3,0.05
OI700161,O50077,P2005,2,0.1
OI700162,O50077,P2010,5,0.15
OI700163,O50077,P2008,4,0.05
OI700164,O50078,P2006,4,0.15
OI700165,O50079,P2010,2,0.2
OI700166,O50080,P2012,4,0.1
OI700167,O50080,P2003,2,0.2
OI700168,O50080,P2005,1,0.05
OI700169,O50081,P2008,5,0.2
OI700170,O50081,P2007,3,0.2
OI700171,O50082,P2008,3,0.15
OI700172,O50083,P2008,4,0.15
OI700173,O50083,P2007,2,0.05
OI700174,O50083,P2009,4,0.05
OI700175,O50084,P2012,4,0.05
OI700176,O50084,P2012,2,0.1
OI700177,O50084,P2011,3,0.05
OI700178,O50085,P2005,4,0.15
OI700179,O50086,P2002,4,0.0
OI700180,O50087,P2006,3,0.05
OI700181,O50088,P2003,2,0.0
OI700182,O50089,P2005,1,0.05
OI700183,O50090,P2001,4,0.15
OI700184,O50090,P2007,4,0.2
OI700185,O50091,P2003,2,0.15
OI700186,O50092,P2012,3,0.1
OI700187,O50092,P2005,1,0.1
OI700188,O50092,P2007,2,0.15
OI700189,O50093,P2004,5,0.0
OI700190,O50093,P2011,4,0.05
OI700191,O50093,P2008,2,0.15
OI700192,O50094,P2003,2,0.0
OI700193,O50095,P2008,4,0.1
OI700194,O50096,P2003,5,0.05
OI700195,O50097,P2006,1,0.05
OI700196,O50098,P2004,4,0.1
OI700197,O50098,P2005,4,0.1
OI700198,O50098,P2004,2,0.2
OI700199,O50099,P2012,3,0.2
OI700200,O50100,P2007,4,0.05
OI700201,O50100,P2003,3,0.15
OI700202,O50101,P2010,4,0.0
OI700203,O50102,P2001,4,0.1
OI700204,O50102,P2008,4,0.15
OI700205,O50102,P2008,5,0.15
OI700206,O50103,P2005,2,0.05
OI700207,O50103,P2008,3,0.0
OI700208,O50103,P2003,5,0.15
OI700209,O50104,P2003,1,0.05
OI700210,O50104,P2011,3,0.15
OI700211,O50104,P2006,3,0.15
OI700212,O50105,P2006,3,0.2
OI700213,O50105,P2005,5,0.1
OI700214,O50105,P2011,3,0.15
OI700215,O50106,P2008,2,0.15
OI700216,O50107,P2006,3,0.05
OI700217,O50107,P2009,3,0.1
OI700218,O50107,P2001,1,0.0
OI700219,O50108,P2011,1,0.0
OI700220,O50108,P2010,3,0.05
OI700221,O50108,P2008,2,0.0
OI700222,O50109,P2011,4,0.0
OI700223,O50109,P2007,5,0.2
OI700224,O50110,P2002,2,0.05
OI700225,O50110,P2002,1,0.05
OI700226,O50110,P2007,2,0.1
OI700227,O50111,P2002,5,0.1
OI700228,O50112,P2010,5,0.2
OI700229,O50113,P2008,5,0.2
OI700230,O50114,P2011,3,0.1
OI700231,O50115,P2010,1,0.1
OI700232,O50115,P2010,3,0.05
OI700233,O50116,P2007,4,0.1
OI700234,O50117,P2008,3,0.0
OI700235,O50117,P2007,1,0.15
OI700236,O50117,P2002,5,0.05
OI700237,O50118,P2002,2,0.2
OI700238,O50118,P2004,3,0.2
OI700239,O50119,P2001,2,0.05
OI700240,O50119,P2004,2,0.1
OI700241,O50120,P2004,3,0.05
OI700242,O50120,P2003,3,0.2
OI700243,O50121,P2008,5,0.15
OI700244,O50121,P2003,2,0.1
OI700245,O50122,P2002,1,0.05
OI700246,O50122,P2011,4,0.2
OI700247,O50123,P2005,3,0.1
OI700248,O50124,P2005,1,0.2
OI700249,O50124,P2012,1,0.1
OI700250,O50125,P2010,5,0.1
OI700251,O50125,P2009,5,0.2
OI700252,O50126,P2010,3,0.0
OI700253,O50127,P2011,2,0.1
OI700254,O50127,P2005,1,0.2
OI700255,O50127,P2001,3,0.0
OI700256,O50128,P2011,4,0.15
OI700257,O50128,P2010,5,0.2
OI700258,O50128,P2003,3,0.2
OI700259,O50129,P2009,1,0.2
OI700260,O50130,P2009,5,0.05
OI700261,O50130,P2006,5,0.0
OI700262,O50131,P2004,3,0.1
OI700263,O50131,P2009,5,0.05
OI700264,O50131,P2003,3,0.15
OI700265,O50132,P2010,2,0.2
OI700266,O50132,P2001,1,0.0
OI700267,O50132,P2012,1,0.15
OI700268,O50133,P2010,5,0.0
OI700269,O50133,P2005,3,0.15
OI700270,O50133,P2008,3,0.05
OI700271,O50134,P2006,2,0.1
OI700272,O50135,P2007,3,0.0
OI700273,O50135,P2008,3,0.0
OI700274,O50135,P2003,4,0.2
OI700275,O50136,P2012,1,0.05
OI700276,O50136,P2012,1,0.15
OI700277,O50137,P2004,3,0.05
OI700278,O50138,P2012,3,0.1
OI700279,O50138,P2001,2,0.0
OI700280,O50138,P2011,2,0.05
OI700281,O50139,P2009,4,0.0
OI700282,O50139,P2007,3,0.05
OI700283,O50139,P2009,5,0.05
OI700284,O50140,P2004,5,0.0
OI700285,O50141,P2010,3,0.1
OI700286,O50141,P2011,4,0.05
OI700287,O50141,P2001,4,0.0
OI700288,O50142,P2012,3,0.15
OI700289,O50143,P2002,1,0.05
OI700290,O50144,P2006,2,0.1
OI700291,O50145,P2004,3,0.0
OI700292,O50145,P2004,5,0.2
OI700293,O50146,P2012,3,0.0
OI700294,O50146,P2011,3,0.15
OI700295,O50147,P2004,4,0.1
OI700296,O50147,P2005,2,0.15
OI700297,O50148,P2002,5,0.05
OI700298,O50149,P2009,5,0.15
OI700299,O50149,P2009,5,0.2
OI700300,O50150,P2009,1,0.2
OI700301,O50151,P2003,1,0.15
OI700302,O50152,P2001,3,0.2
OI700303,O50153,P2006,4,0.1
OI700304,O50153,P2005,3,0.0
OI700305,O50154,P2009,2,0.0
OI700306,O50155,P2011,2,0.0
OI700307,O50156,P2007,3,0.2
OI700308,O50156,P2004,3,0.15
OI700309,O50156,P2008,2,0.15
OI700310,O50157,P2002,1,0.15
OI700311,O50157,P2002,5,0.0
OI700312,O50157,P2012,4,0.1
OI700313,O50158,P2005,4,0.15
OI700314,O50159,P2007,5,0.05
OI700315,O50160,P2003,5,0.0
OI700316,O50160,P2004,3,0.05
OI700317,O50160,P2003,4,0.0
OI700318,O50161,P2001,2,0.2
OI700319,O50161,P2002,1,0.15
OI700320,O50161,P2001,5,0.1
OI700321,O50162,P2003,1,0.2
OI700322,O50162,P2010,5,0.05
OI700323,O50162,P2005,3,0.1
OI700324,O50163,P2005,4,0.0
OI700325,O50164,P2004,1,0.0
OI700326,O50164,P2006,1,0.05
OI700327,O50165,P2011,1,0.1
OI700328,O50165,P2002,3,0.1
OI700329,O50166,P2006,5,0.0
OI700330,O50166,P2001,1,0.05
OI700331,O50166,P2003,1,0.05
OI700332,O50167,P2010,1,0.2
OI700333,O50167,P2003,3,0.05
OI700334,O50167,P2005,4,0.15
OI700335,O50168,P2008,4,0.0
OI700336,O50168,P2005,1,0.15
OI700337,O50169,P2008,3,0.05
OI700338,O50169,P2002,5,0.05
OI700339,O50170,P2004,5,0.05
OI700340,O50171,P2006,5,0.15
OI700341,O50171,P2001,3,0.1
OI700342,O50171,P2003,3,0.0
OI700343,O50172,P2010,1,0.1
OI700344,O50172,P2008,1,0.05
OI700345,O50172,P2004,1,0.2
OI700346,O50173,P2010,3,0.2
OI700347,O50173,P2012,4,0.05
OI700348,O50174,P2010,3,0.1
OI700349,O50174,P2003,5,0.15
OI700350,O50175,P2008,3,0.0
OI700351,O50176,P2011,5,0.05
OI700352,O50176,P2004,1,0.15
OI700353,O50176,P2004,5,0.2
OI700354,O50177,P2012,1,0.1
OI700355,O50178,P2012,4,0.2
OI700356,O50178,P2008,5,0.2
OI700357,O50179,P2005,2,0.2
OI700358,O50179,P2010,5,0.1
OI700359,O50179,P2012,4,0.15
OI700360,O50180,P2007,4,0.15
OI700361,O50181,P2004,2,0.2
OI700362,O50181,P2012,1,0.05
OI700363,O50181,P2012,1,0.15
OI700364,O50182,P2003,4,0.15
OI700365,O50183,P2011,2,0.1
OI700366,O50183,P2008,4,0.05
OI700367,O50184,P2006,3,0.2
OI700368,O50184,P2005,4,0.2
OI700369,O50185,P2012,3,0.05
OI700370,O50185,P2012,4,0.05
OI700371,O50185,P2004,2,0.2
OI700372,O50186,P2009,3,0.0
OI700373,O50187,P2010,4,0.1
OI700374,O50187,P2005,1,0.0
OI700375,O50188,P2008,1,0.2
OI700376,O50188,P2008,2,0.2
OI700377,O50189,P2012,2,0.05
OI700378,O50190,P2012,2,0.2
OI700379,O50190,P2005,2,0.15
OI700380,O50191,P2005,1,0.05
OI700381,O50191,P2007,1,0.0
OI700382,O50191,P2012,1,0.1
OI700383,O50192,P2004,3,0.0
OI700384,O50192,P2010,4,0.2
OI700385,O50192,P2011,2,0.0
OI700386,O50193,P2002,3,0.0
OI700387,O50193,P2012,4,0.05
OI700388,O50194,P2010,3,0.0
OI700389,O50194,P2005,3,0.15
OI700390,O50194,P2004,4,0.05
OI700391,O50195,P2006,1,0.1
OI700392,O50196,P2004,4,0.05
OI700393,O50196,P2009,4,0.15
OI700394,O50197,P2010,2,0.05
OI700395,O50198,P2005,4,0.0
OI700396,O50198,P2008,5,0.15
OI700397,O50198,P2007,5,0.05
OI700398,O50199,P2001,4,0.15
OI700399,O50199,P2010,4,0.0
OI700400,O50200,P2010,2,0.1
OI700401,O50200,P2011,3,0.15
OI700402,O50201,P2008,4,0.15
OI700403,O50201,P2010,5,0.05
OI700404,O50202,P2008,3,0.05
OI700405,O50202,P2006,4,0.05
OI700406,O50202,P2004,5,0.1
OI700407,O50203,P2001,1,0.2
OI700408,O50203,P2002,4,0.2
OI700409,O50204,P2011,3,0.2
OI700410,O50204,P2003,3,0.05
OI700411,O50205,P2001,5,0.0
OI700412,O50205,P2004,3,0.0
OI700413,O50205,P2006,5,0.2
OI700414,O50206,P2008,3,0.0
OI700415,O50207,P2007,4,0.05
OI700416,O50207,P2004,4,0.15
OI700417,O50208,P2003,3,0.2
OI700418,O50209,P2003,5,0.15
OI700419,O50210,P2010,5,0.0
OI700420,O50210,P2004,2,0.0
OI700421,O50210,P2010,4,0.0
OI700422,O50211,P2003,3,0.1
OI700423,O50212,P2012,2,0.1
OI700424,O50213,P2005,5,0.2
OI700425,O50213,P2001,3,0.0
OI700426,O50214,P2008,3,0.05
OI700427,O50214,P2004,2,0.05
OI700428,O50215,P2009,1,0.0
OI700429,O50215,P2007,4,0.05
OI700430,O50216,P2008,2,0.15
OI700431,O50217,P2002,3,0.05
OI700432,O50218,P2007,2,0.0
OI700433,O50218,P2002,4,0.05
OI700434,O50218,P2007,5,0.2
OI700435,O50219,P2002,4,0.15
OI700436,O50220,P2008,1,0.15
OI700437,O50221,P2004,3,0.05
OI700438,O50221,P2001,1,0.2
OI700439,O50221,P2006,1,0.0
OI700440,O50222,P2012,2,0.2
OI700441,O50222,P2006,4,0.15
OI700442,O50223,P2001,5,0.2
OI700443,O50224,P2008,5,0.2
OI700444,O50225,P2010,4,0.2
OI700445,O50226,P2008,1,0.05
OI700446,O50227,P2006,5,0.15
OI700447,O50228,P2006,2,0.15
OI700448,O50229,P2002,3,0.2
OI700449,O50230,P2003,1,0.2
OI700450,O50230,P2010,1,0.0
OI700451,O50231,P2005,5,0.0
OI700452,O50232,P2001,4,0.05
OI700453,O50232,P2012,3,0.05
OI700454,O50232,P2003,5,0.1
OI700455,O50233,P2009,3,0.15
OI700456,O50233,P2006,1,0.0
OI700457,O50234,P2007,3,0.15
OI700458,O50235,P2003,5,0.2
OI700459,O50235,P2008,3,0.0
OI700460,O50235,P2003,1,0.15
OI700461,O50236,P2003,1,0.0
OI700462,O50236,P2008,4,0.15
OI700463,O50237,P2001,1,0.15
OI700464,O50238,P2004,1,0.05
OI700465,O50238,P2010,1,0.15
OI700466,O50238,P2006,1,0.2
OI700467,O50239,P2009,1,0.05
OI700468,O50239,P2008,4,0.0
OI700469,O50240,P2012,4,0.05
OI700470,O50240,P2011,4,0.0
OI700471,O50241,P2012,2,0.0
OI700472,O50242,P2007,3,0.15
OI700473,O50242,P2012,4,0.0
OI700474,O50243,P2001,2,0.05
OI700475,O50244,P2005,1,0.2
OI700476,O50244,P2004,5,0.15
OI700477,O50244,P2011,5,0.0
OI700478,O50245,P2005,4,0.15
OI700479,O50245,P2007,2,0.2
OI700480,O50246,P2011,2,0.2
OI700481,O50246,P2004,3,0.2
OI700482,O50247,P2004,5,0.2
OI700483,O50247,P2004,2,0.05
OI700484,O50248,P2007,2,0.2
OI700485,O50249,P2008,3,0.15
OI700486,O50250,P2006,4,0.05
OI700487,O50251,P2007,2,0.0
OI700488,O50251,P2003,3,0.1
OI700489,O50251,P2011,4,0.0
OI700490,O50252,P2006,1,0.15
OI700491,O50252,P2007,1,0.1
OI700492,O50253,P2004,2,0.0
OI700493,O50253,P2003,5,0.15
OI700494,O50253,P2003,3,0.0
OI700495,O50254,P2002,4,0.1
OI700496,O50254,P2008,3,0.05
OI700497,O50255,P2003,3,0.1
OI700498,O50256,P2001,2,0.2
OI700499,O50256,P2011,5,0.05
OI700500,O50256,P2002,1,0.0
OI700501,O50257,P2011,5,0.15
OI700502,O50257,P2005,3,0.2
OI700503,O50257,P2010,3,0.2
OI700504,O50258,P2005,5,0.05
OI700505,O50258,P2010,3,0.05
OI700506,O50259,P2008,3,0.05
OI700507,O50260,P2001,1,0.2
OI700508,O50260,P2008,3,0.0
OI700509,O50260,P2008,3,0.1
OI700510,O50261,P2007,3,0.05
OI700511,O50262,P2012,4,0.15
OI700512,O50263,P2009,1,0.1
OI700513,O50263,P2011,2,0.2
OI700514,O50263,P2001,2,0.05
OI700515,O50264,P2003,2,0.15
OI700516,O50264,P2004,5,0.2
OI700517,O50265,P2007,2,0.05
OI700518,O50266,P2004,1,0.05
OI700519,O50266,P2012,2,0.05
OI700520,O50266,P2008,1,0.05
OI700521,O50267,P2012,5,0.15
OI700522,O50268,P2008,4,0.2
OI700523,O50269,P2009,1,0.1
OI700524,O50270,P2001,1,0.2
OI700525,O50270,P2001,4,0.1
OI700526,O50270,P2005,5,0.2
OI700527,O50271,P2001,1,0.0
OI700528,O50272,P2008,4,0.05
OI700529,O50272,P2011,4,0.15
OI700530,O50272,P2006,4,0.1
OI700531,O50273,P2008,2,0.2
OI700532,O50273,P2009,4,0.15
OI700533,O50274,P2012,2,0.1
OI700534,O50274,P2001,2,0.1
OI700535,O50275,P2012,4,0.1
OI700536,O50275,P2006,4,0.15
OI700537,O50276,P2008,3,0.0
OI700538,O50277,P2007,2,0.15
OI700539,O50277,P2009,5,0.0
OI700540,O50277,P2005,1,0.1
OI700541,O50278,P2006,5,0.1
OI700542,O50278,P2005,1,0.05
OI700543,O50279,P2006,5,0.1
OI700544,O50279,P2007,3,0.1
OI700545,O50279,P2001,1,0.1
OI700546,O50280,P2007,3,0.05
OI700547,O50280,P2009,4,0.0
OI700548,O50281,P2009,4,0.05
OI700549,O50281,P2012,4,0.1
OI700550,O50282,P2011,2,0.0
OI700551,O50282,P2006,1,0.2
OI700552,O50283,P2008,5,0.0
OI700553,O50283,P2008,3,0.05
OI700554,O50283,P2004,3,0.15
OI700555,O50284,P2008,5,0.0
OI700556,O50285,P2008,2,0.15
OI700557,O50285,P2008,4,0.0
OI700558,O50285,P2001,4,0.05
OI700559,O50286,P2006,4,0.0
OI700560,O50287,P2006,1,0.0
OI700561,O50287,P2011,1,0.1
OI700562,O50287,P2009,3,0.05
OI700563,O50288,P2009,3,0.0
OI700564,O50289,P2007,1,0.05
OI700565,O50290,P2010,4,0.15
OI700566,O50291,P2005,2,0.15
OI700567,O50292,P2003,4,0.1
OI700568,O50292,P2010,1,0.2
OI700569,O50292,P2006,2,0.0
OI700570,O50293,P2011,1,0.1
OI700571,O50293,P2009,3,0.0
OI700572,O50293,P2005,2,0.05
OI700573,O50294,P2003,4,0.2
OI700574,O50294,P2010,4,0.0
OI700575,O50294,P2002,4,0.15
OI700576,O50295,P2006,3,0.0
OI700577,O50295,P2004,3,0.0
OI700578,O50295,P2002,1,0.05
OI700579,O50296,P2009,5,0.05
OI700580,O50296,P2008,5,0.05
OI700581,O50296,P2008,4,0.2
OI700582,O50297,P2008,3,0.2
OI700583,O50297,P2009,2,0.15
OI700584,O50297,P2007,2,0.1
OI700585,O50298,P2011,3,0.0
OI700586,O50298,P2012,3,0.05
OI700587,O50299,P2005,2,0.2
OI700588,O50299,P2011,3,0.05
OI700589,O50299,P2011,1,0.15
OI700590,O50300,P2011,3,0.2
OI700591,O50300,P2001,4,0.0
OI700592,O50301,P2003,5,0.15
OI700593,O50301,P2002,5,0.05
OI700594,O50302,P2002,1,0.05
OI700595,O50302,P2007,3,0.2
OI700596,O50303,P2009,1,0.05
OI700597,O50304,P2002,3,0.2
OI700598,O50305,P2011,3,0.0
OI700599,O50305,P2005,5,0.0
OI700600,O50305,P2002,5,0.0
OI700601,O50306,P2010,4,0.1
OI700602,O50306,P2002,3,0.2
OI700603,O50306,P2011,3,0.2
OI700604,O50307,P2001,4,0.15
OI700605,O50307,P2007,4,0.2
OI700606,O50307,P2007,2,0.2
OI700607,O50308,P2009,4,0.0
OI700608,O50308,P2005,1,0.1
OI700609,O50308,P2010,2,0.2
OI700610,O50309,P2002,5,0.0
OI700611,O50310,P2010,2,0.0
OI700612,O50310,P2004,1,0.15
OI700613,O50310,P2011,5,0.2
OI700614,O50311,P2011,4,0.15
OI700615,O50311,P2012,2,0.1
OI700616,O50311,P2011,2,0.05
OI700617,O50312,P2004,3,0.2
OI700618,O50313,P2009,4,0.2
OI700619,O50314,P2002,3,0.2
OI700620,O50314,P2011,4,0.2
OI700621,O50314,P2009,1,0.2
OI700622,O50315,P2005,2,0.15
OI700623,O50316,P2008,5,0.15
OI700624,O50317,P2011,2,0.15
OI700625,O50318,P2001,1,0.0
OI700626,O50318,P2012,5,0.1
OI700627,O50319,P2001,5,0.05
OI700628,O50319,P2001,4,0.05
OI700629,O50319,P2004,4,0.05
OI700630,O50320,P2003,1,0.05
OI700631,O50320,P2008,2,0.0
OI700632,O50320,P2009,3,0.1
OI700633,O50321,P2001,1,0.15
OI700634,O50322,P2003,5,0.05
OI700635,O50323,P2005,5,0.2
OI700636,O50323,P2006,4,0.1
OI700637,O50323,P2012,2,0.2
OI700638,O50324,P2008,2,0.2
OI700639,O50324,P2009,5,0.2
OI700640,O50325,P2011,5,0.05
OI700641,O50326,P2007,2,0.05
OI700642,O50326,P2005,1,0.15
OI700643,O50326,P2009,4,0.1
OI700644,O50327,P2009,5,0.0
OI700645,O50327,P2005,5,0.2
OI700646,O50328,P2003,3,0.0
OI700647,O50328,P2011,3,0.05
OI700648,O50328,P2002,4,0.2
OI700649,O50329,P2012,5,0.15
OI700650,O50329,P2010,5,0.1
OI700651,O50329,P2010,5,0.0
OI700652,O50330,P2005,1,0.0
OI700653,O50330,P2002,5,0.15
OI700654,O50330,P2002,4,0.15
OI700655,O50331,P2008,5,0.1
OI700656,O50331,P2008,3,0.05
OI700657,O50332,P2005,4,0.15
OI700658,O50332,P2009,4,0.15
OI700659,O50332,P2007,4,0.1
OI700660,O50333,P2009,5,0.15
OI700661,O50333,P2010,5,0.05
OI700662,O50334,P2005,4,0.2
OI700663,O50335,P2010,1,0.15
OI700664,O50335,P2009,3,0.15
OI700665,O50336,P2007,4,0.15
OI700666,O50336,P2003,2,0.1
OI700667,O50337,P2005,2,0.05
OI700668,O50338,P2007,4,0.05
OI700669,O50338,P2011,3,0.15
OI700670,O50339,P2003,3,0.05
OI700671,O50340,P2002,3,0.15
OI700672,O50340,P2009,2,0.05
OI700673,O50341,P2007,4,0.05
OI700674,O50341,P2009,5,0.05
OI700675,O50342,P2004,2,0.15
OI700676,O50342,P2008,3,0.05
OI700677,O50342,P2002,5,0.2
OI700678,O50343,P2007,5,0.1
OI700679,O50343,P2001,1,0.05
OI700680,O50343,P2005,5,0.05
OI700681,O50344,P2004,4,0.1
OI700682,O50344,P2002,3,0.0
OI700683,O50345,P2009,5,0.2
OI700684,O50345,P2003,4,0.0
OI700685,O50345,P2012,4,0.15
OI700686,O50346,P2011,5,0.0
OI700687,O50346,P2001,5,0.05
OI700688,O50346,P2006,1,0.15
OI700689,O50347,P2011,3,0.15
OI700690,O50347,P2007,3,0.1
OI700691,O50347,P2012,2,0.1
OI700692,O50348,P2007,1,0.05
OI700693,O50348,P2008,4,0.15
OI700694,O50349,P2009,3,0.05
OI700695,O50349,P2005,5,0.1
OI700696,O50349,P2009,1,0.0
OI700697,O50350,P2003,4,0.15
OI700698,O50351,P2004,3,0.0
OI700699,O50351,P2006,1,0.0
OI700700,O50352,P2002,3,0.1
OI700701,O50353,P2006,1,0.0
OI700702,O50353,P2009,5,0.05
OI700703,O50354,P2004,2,0.05
OI700704,O50355,P2010,4,0.2
OI700705,O50355,P2005,3,0.05
OI700706,O50356,P2005,2,0.1
OI700707,O50357,P2009,5,0.2
OI700708,O50358,P2002,5,0.2
OI700709,O50359,P2004,3,0.1
OI700710,O50359,P2011,3,0.0
OI700711,O50360,P2010,2,0.0
OI700712,O50360,P2002,5,0.1
OI700713,O50360,P2007,5,0.0
OI700714,O50361,P2010,3,0.0
OI700715,O50362,P2002,4,0.15
OI700716,O50362,P2010,3,0.05
OI700717,O50362,P2011,3,0.15
OI700718,O50363,P2008,3,0.05
OI700719,O50364,P2002,4,0.2
OI700720,O50364,P2007,1,0.1
OI700721,O50364,P2007,3,0.05
OI700722,O50365,P2004,3,0.1
OI700723,O50365,P2008,4,0.2
OI700724,O50366,P2010,5,0.05
OI700725,O50366,P2004,3,0.1
OI700726,O50366,P2009,1,0.0
OI700727,O50367,P2010,2,0.05
OI700728,O50367,P2007,3,0.0
OI700729,O50367,P2007,5,0.15
OI700730,O50368,P2008,5,0.05
OI700731,O50368,P2001,1,0.2
OI700732,O50368,P2008,2,0.2
OI700733,O50369,P2008,2,0.0
OI700734,O50370,P2003,3,0.0
OI700735,O50371,P2007,2,0.15
OI700736,O50372,P2012,5,0.05
OI700737,O50372,P2009,4,0.1
OI700738,O50373,P2002,2,0.2
OI700739,O50373,P2011,1,0.1
OI700740,O50373,P2004,1,0.0
OI700741,O50374,P2009,3,0.05
OI700742,O50374,P2010,4,0.2
OI700743,O50375,P2003,3,0.1
OI700744,O50375,P2006,5,0.0
OI700745,O50376,P2006,2,0.15
OI700746,O50376,P2010,3,0.0
OI700747,O50377,P2006,4,0.05
OI700748,O50378,P2011,1,0.0
OI700749,O50379,P2012,3,0.0
OI700750,O50380,P2012,4,0.05
OI700751,O50381,P2001,4,0.0
OI700752,O50382,P2005,4,0.15
OI700753,O50383,P2004,2,0.05
OI700754,O50383,P2001,4,0.1
OI700755,O50383,P2006,5,0.0
OI700756,O50384,P2009,2,0.15
OI700757,O50384,P2010,2,0.05
OI700758,O50384,P2011,1,0.0
OI700759,O50385,P2011,3,0.0
OI700760,O50385,P2007,2,0.2
OI700761,O50386,P2005,4,0.15
OI700762,O50386,P2009,2,0.1
OI700763,O50387,P2005,2,0.1
OI700764,O50388,P2012,3,0.15
OI700765,O50388,P2002,3,0.15
OI700766,O50388,P2009,5,0.1
OI700767,O50389,P2012,3,0.0
OI700768,O50389,P2005,4,0.1
OI700769,O50389,P2012,5,0.0
OI700770,O50390,P2005,5,0.1
OI700771,O50390,P2006,1,0.0
OI700772,O50390,P2008,3,0.1
OI700773,O50391,P2007,1,0.0
OI700774,O50392,P2008,4,0.2
OI700775,O50392,P2011,2,0.15
OI700776,O50393,P2011,2,0.15
OI700777,O50394,P2009,5,0.0
OI700778,O50394,P2003,4,0.1
OI700779,O50394,P2002,4,0.0
OI700780,O50395,P2002,3,0.2
OI700781,O50395,P2007,4,0.15
OI700782,O50395,P2012,3,0.2
OI700783,O50396,P2011,4,0.0
OI700784,O50396,P2008,5,0.0
OI700785,O50397,P2002,5,0.15
OI700786,O50397,P2002,4,0.0
OI700787,O50397,P2007,5,0.05
OI700788,O50398,P2006,2,0.0
OI700789,O50399,P2004,1,0.05
OI700790,O50399,P2001,5,0.2
OI700791,O50400,P2011,3,0.2
OI700792,O50400,P2003,2,0.15
OI700793,O50401,P2010,3,0.1
OI700794,O50402,P2010,1,0.15
OI700795,O50402,P2010,5,0.2
OI700796,O50403,P2007,3,0.05
OI700797,O50403,P2010,2,0.1
OI700798,O50403,P2002,2,0.05
OI700799,O50404,P2007,4,0.1
OI700800,O50404,P2002,3,0.0
OI700801,O50405,P2010,2,0.05
OI700802,O50405,P2001,2,0.0
OI700803,O50405,P2012,1,0.15
OI700804,O50406,P2003,5,0.0
OI700805,O50406,P2011,4,0.15
OI700806,O50407,P2005,2,0.0
OI700807,O50407,P2012,3,0.2
OI700808,O50407,P2004,5,0.2
OI700809,O50408,P2006,4,0.05
OI700810,O50409,P2004,3,0.0
OI700811,O50410,P2012,1,0.0
OI700812,O50410,P2006,1,0.0
OI700813,O50411,P2002,5,0.0
OI700814,O50412,P2009,4,0.15
OI700815,O50412,P2005,5,0.0
OI700816,O50413,P2011,1,0.0
OI700817,O50414,P2001,1,0.1
OI700818,O50415,P2001,5,0.0
OI700819,O50415,P2009,5,0.1
OI700820,O50416,P2002,2,0.2
OI700821,O50416,P2005,1,0.15
OI700822,O50417,P2001,1,0.0
OI700823,O50417,P2001,4,0.0
OI700824,O50417,P2008,1,0.2
OI700825,O50418,P2005,3,0.0
OI700826,O50418,P2001,3,0.0
OI700827,O50418,P2008,2,0.0
OI700828,O50419,P2007,4,0.0
OI700829,O50419,P2007,5,0.05
OI700830,O50420,P2009,3,0.2
OI700831,O50420,P2012,2,0.2
OI700832,O50420,P2001,1,0.0
OI700833,O50421,P2012,4,0.15
OI700834,O50421,P2002,3,0.05
OI700835,O50422,P2004,2,0.2
OI700836,O50422,P2007,3,0.0
OI700837,O50423,P2006,2,0.15
OI700838,O50423,P2002,3,0.2
OI700839,O50423,P2006,1,0.05
OI700840,O50424,P2007,2,0.0
OI700841,O50425,P2003,2,0.2
OI700842,O50425,P2001,2,0.05
OI700843,O50425,P2007,2,0.2
OI700844,O50426,P2012,3,0.0
OI700845,O50427,P2002,2,0.05
OI700846,O50428,P2004,4,0.05
OI700847,O50428,P2004,2,0.05
OI700848,O50429,P2003,2,0.2
OI700849,O50429,P2008,1,0.2
OI700850,O50429,P2003,1,0.1
OI700851,O50430,P2003,4,0.0
OI700852,O50430,P2010,1,0.1
OI700853,O50430,P2008,2,0.15
OI700854,O50431,P2008,2,0.15
OI700855,O50431,P2009,2,0.15
OI700856,O50431,P2012,5,0.15
OI700857,O50432,P2010,2,0.15
OI700858,O50432,P2003,2,0.2
OI700859,O50432,P2004,5,0.1
OI700860,O50433,P2002,3,0.1
OI700861,O50434,P2001,2,0.0
OI700862,O50434,P2004,5,0.0
OI700863,O50435,P2001,3,0.2
OI700864,O50435,P2005,1,0.1
OI700865,O50435,P2004,5,0.2
OI700866,O50436,P2008,4,0.15
OI700867,O50436,P2006,5,0.05
OI700868,O50437,P2009,4,0.2
OI700869,O50438,P2006,3,0.05
OI700870,O50438,P2010,3,0.15
OI700871,O50439,P2003,5,0.1
OI700872,O50439,P2009,3,0.05
OI700873,O50440,P2005,5,0.1
OI700874,O50440,P2001,1,0.2
OI700875,O50440,P2007,2,0.2
OI700876,O50441,P2008,4,0.0
OI700877,O50441,P2002,4,0.0
OI700878,O50442,P2002,2,0.15
OI700879,O50442,P2008,4,0.15
OI700880,O50442,P2001,5,0.05
OI700881,O50443,P2011,1,0.1
OI700882,O50444,P2010,1,0.0
OI700883,O50444,P2005,3,0.15
OI700884,O50445,P2002,5,0.1
OI700885,O50445,P2012,5,0.0
OI700886,O50446,P2006,3,0.05
OI700887,O50446,P2007,3,0.0
OI700888,O50447,P2002,5,0.15
OI700889,O50448,P2005,1,0.05
OI700890,O50448,P2012,1,0.0
OI700891,O50449,P2007,1,0.1
OI700892,O50449,P2009,2,0.05
OI700893,O50449,P2008,3,0.2
OI700894,O50450,P2004,1,0.15
OI700895,O50451,P2005,4,0.05
OI700896,O50451,P2003,3,0.1
OI700897,O50452,P2006,5,0.05
OI700898,O50452,P2004,3,0.0
OI700899,O50453,P2007,3,0.15
OI700900,O50454,P2011,3,0.0
OI700901,O50455,P2003,3,0.1
OI700902,O50456,P2006,5,0.2
OI700903,O50456,P2006,5,0.2
OI700904,O50457,P2003,3,0.05
OI700905,O50457,P2002,1,0.15
OI700906,O50457,P2006,5,0.15
OI700907,O50458,P2011,3,0.1
OI700908,O50459,P2008,1,0.0
OI700909,O50459,P2006,1,0.0
OI700910,O50459,P2010,1,0.0
OI700911,O50460,P2002,2,0.2
OI700912,O50460,P2008,5,0.05
OI700913,O50461,P2003,2,0.0
OI700914,O50461,P2010,1,0.05
OI700915,O50462,P2006,2,0.05
OI700916,O50462,P2004,5,0.1
OI700917,O50463,P2012,4,0.2
OI700918,O50463,P2002,5,0.1
OI700919,O50463,P2009,2,0.0
OI700920,O50464,P2006,1,0.15
OI700921,O50464,P2001,3,0.15
OI700922,O50464,P2009,3,0.05
OI700923,O50465,P2003,1,0.0
OI700924,O50465,P2010,3,0.0
OI700925,O50465,P2003,1,0.2
OI700926,O50466,P2001,2,0.15
OI700927,O50466,P2008,5,0.0
OI700928,O50467,P2001,2,0.15
OI700929,O50468,P2003,4,0.15
OI700930,O50468,P2003,4,0.1
OI700931,O50469,P2005,4,0.15
OI700932,O50470,P2010,2,0.1
OI700933,O50471,P2012,5,0.0
OI700934,O50472,P2010,3,0.05
OI700935,O50472,P2012,2,0.05
OI700936,O50473,P2011,3,0.15
OI700937,O50473,P2011,5,0.2
OI700938,O50474,P2012,5,0.15
OI700939,O50474,P2002,1,0.15
OI700940,O50474,P2004,5,0.2
OI700941,O50475,P2010,2,0.1
OI700942,O50475,P2012,5,0.05
OI700943,O50476,P2006,5,0.1
OI700944,O50476,P2008,1,0.05
OI700945,O50476,P2009,5,0.0
OI700946,O50477,P2009,3,0.2
OI700947,O50478,P2005,1,0.15
OI700948,O50479,P2002,2,0.2
OI700949,O50479,P2001,5,0.2
OI700950,O50479,P2002,1,0.15
OI700951,O50480,P2007,1,0.1
OI700952,O50481,P2009,5,0.1
OI700953,O50481,P2008,4,0.2
OI700954,O50482,P2003,2,0.15
OI700955,O50483,P2004,1,0.15
OI700956,O50483,P2008,2,0.0
OI700957,O50483,P2011,5,0.15
OI700958,O50484,P2004,3,0.0
OI700959,O50484,P2003,3,0.1
OI700960,O50485,P2012,2,0.1
OI700961,O50486,P2006,5,0.15
OI700962,O50486,P2011,2,0.05
OI700963,O50487,P2007,2,0.1
OI700964,O50487,P2002,3,0.15
OI700965,O50488,P2011,5,0.2
OI700966,O50488,P2002,5,0.05
OI700967,O50489,P2005,2,0.2
OI700968,O50489,P2008,5,0.2
OI700969,O50490,P2009,3,0.1
OI700970,O50490,P2009,4,0.2
OI700971,O50491,P2008,5,0.0
OI700972,O50491,P2010,2,0.1
OI700973,O50491,P2010,2,0.2
OI700974,O50492,P2005,2,0.1
OI700975,O50492,P2012,1,0.1
OI700976,O50493,P2006,3,0.05
OI700977,O50493,P2002,4,0.2
OI700978,O50493,P2007,3,0.0
OI700979,O50494,P2011,5,0.05
OI700980,O50494,P2008,3,0.05
OI700981,O50494,P2003,2,0.1
OI700982,O50495,P2009,3,0.2
OI700983,O50496,P2001,2,0.2
OI700984,O50497,P2009,5,0.05
OI700985,O50498,P2003,2,0.05
OI700986,O50498,P2009,5,0.05
OI700987,O50499,P2010,3,0.1
OI700988,O50500,P2002,5,0.05
OI700989,O50500,P2008,3,0.15
OI700990,O50500,P2008,1,0.0
OI700991,O50501,P2007,2,0.0
OI700992,O50501,P2002,5,0.2
OI700993,O50501,P2005,2,0.1
OI700994,O50502,P2007,4,0.2
OI700995,O50503,P2003,1,0.05
OI700996,O50504,P2001,4,0.1
OI700997,O50504,P2010,3,0.0
OI700998,O50505,P2007,3,0.2
OI700999,O50506,P2002,2,0.05
OI701000,O50506,P2002,1,0.0
OI701001,O50506,P2007,1,0.0
OI701002,O50507,P2009,4,0.2
OI701003,O50508,P2003,3,0.15
OI701004,O50509,P2003,3,0.0
OI701005,O50510,P2010,3,0.1
OI701006,O50510,P2006,5,0.1
OI701007,O50511,P2012,1,0.0
OI701008,O50511,P2006,2,0.05
OI701009,O50512,P2011,4,0.15
OI701010,O50513,P2005,4,0.1
OI701011,O50514,P2009,3,0.15
OI701012,O50514,P2004,1,0.2
OI701013,O50514,P2001,2,0.0
OI701014,O50515,P2005,1,0.1
OI701015,O50516,P2002,5,0.1
OI701016,O50516,P2008,3,0.05
OI701017,O50516,P2002,3,0.2
OI701018,O50517,P2008,4,0.05
OI701019,O50517,P2002,3,0.2
OI701020,O50518,P2011,5,0.05
OI701021,O50519,P2009,3,0.15
OI701022,O50519,P2011,4,0.2
OI701023,O50520,P2010,5,0.05
OI701024,O50520,P2001,1,0.05
OI701025,O50520,P2009,3,0.1
OI701026,O50521,P2009,2,0.15
OI701027,O50522,P2004,1,0.05
OI701028,O50523,P2006,3,0.05
OI701029,O50523,P2004,4,0.2
OI701030,O50523,P2009,4,0.1
OI701031,O50524,P2009,5,0.1
OI701032,O50525,P2009,5,0.05
OI701033,O50526,P2009,2,0.15
OI701034,O50527,P2004,1,0.1
OI701035,O50527,P2005,5,0.05
OI701036,O50527,P2003,5,0.15
OI701037,O50528,P2012,4,0.2
OI701038,O50528,P2010,3,0.0
OI701039,O50529,P2010,5,0.15
OI701040,O50529,P2007,3,0.0
OI701041,O50530,P2001,5,0.15
OI701042,O50531,P2006,3,0.05
OI701043,O50532,P2005,4,0.15
OI701044,O50532,P2002,3,0.2
OI701045,O50533,P2010,4,0.0
OI701046,O50533,P2012,4,0.2
OI701047,O50533,P2011,2,0.0
OI701048,O50534,P2006,1,0.05
OI701049,O50534,P2012,2,0.05
OI701050,O50535,P2008,2,0.2
OI701051,O50535,P2007,1,0.05
OI701052,O50536,P2002,1,0.15
OI701053,O50536,P2006,2,0.1
OI701054,O50536,P2003,2,0.05
OI701055,O50537,P2009,5,0.0
OI701056,O50537,P2004,2,0.1
OI701057,O50538,P2011,5,0.15
OI701058,O50538,P2003,1,0.2
OI701059,O50539,P2004,1,0.15
OI701060,O50539,P2008,5,0.1
OI701061,O50539,P2010,4,0.0
OI701062,O50540,P2010,1,0.05
OI701063,O50541,P2003,1,0.0
OI701064,O50541,P2006,4,0.15
OI701065,O50541,P2011,4,0.15
OI701066,O50542,P2005,2,0.0
OI701067,O50543,P2003,3,0.05
OI701068,O50543,P2001,5,0.05
OI701069,O50543,P2002,2,0.0
OI701070,O50544,P2003,2,0.05
OI701071,O50544,P2001,1,0.1
OI701072,O50544,P2003,1,0.05
OI701073,O50545,P2006,5,0.05
OI701074,O50546,P2010,1,0.1
OI701075,O50546,P2006,3,0.0
OI701076,O50546,P2006,1,0.2
OI701077,O50547,P2001,3,0.2
OI701078,O50547,P2009,2,0.2
OI701079,O50548,P2003,1,0.2
OI701080,O50549,P2007,4,0.05
OI701081,O50549,P2001,5,0.2
OI701082,O50549,P2001,1,0.1
OI701083,O50550,P2009,5,0.05
OI701084,O50551,P2011,2,0.05
OI701085,O50552,P2011,5,0.0
OI701086,O50553,P2002,1,0.05
OI701087,O50553,P2006,5,0.15
OI701088,O50553,P2002,3,0.2
OI701089,O50554,P2003,1,0.1
OI701090,O50554,P2006,2,0.0
OI701091,O50555,P2007,5,0.1
OI701092,O50556,P2012,4,0.15
OI701093,O50556,P2007,4,0.1
OI701094,O50557,P2008,4,0.2
OI701095,O50557,P2004,4,0.0
OI701096,O50558,P2011,4,0.05
OI701097,O50558,P2008,2,0.1
OI701098,O50559,P2008,1,0.1
OI701099,O50560,P2010,3,0.2
OI701100,O50560,P2001,5,0.05
OI701101,O50560,P2010,5,0.15
OI701102,O50561,P2009,2,0.0
OI701103,O50561,P2005,3,0.15
OI701104,O50562,P2007,1,0.0
OI701105,O50563,P2011,5,0.05
OI701106,O50563,P2007,4,0.05
OI701107,O50563,P2009,4,0.1
OI701108,O50564,P2004,5,0.2
OI701109,O50564,P2012,4,0.05
OI701110,O50565,P2003,5,0.05
OI701111,O50565,P2005,1,0.0
OI701112,O50565,P2005,3,0.0
OI701113,O50566,P2002,5,0.05
OI701114,O50566,P2005,1,0.2
OI701115,O50566,P2009,1,0.0
OI701116,O50567,P2011,1,0.05
OI701117,O50567,P2007,1,0.05
OI701118,O50568,P2006,4,0.1
OI701119,O50569,P2006,3,0.0
OI701120,O50570,P2003,5,0.15
OI701121,O50571,P2004,3,0.0
OI701122,O50572,P2012,2,0.0
OI701123,O50572,P2004,3,0.2
OI701124,O50572,P2005,2,0.05
OI701125,O50573,P2001,3,0.15
OI701126,O50574,P2003,5,0.2
OI701127,O50575,P2007,3,0.05
OI701128,O50575,P2003,2,0.15
OI701129,O50576,P2009,4,0.0
OI701130,O50576,P2008,5,0.15
OI701131,O50577,P2003,4,0.1
OI701132,O50577,P2004,3,0.0
OI701133,O50578,P2009,2,0.15
OI701134,O50578,P2001,2,0.15
OI701135,O50578,P2001,4,0.2
OI701136,O50579,P2003,4,0.05
OI701137,O50579,P2009,4,0.0
OI701138,O50580,P2001,1,0.05
OI701139,O50581,P2012,5,0.0
OI701140,O50582,P2009,4,0.1
OI701141,O50583,P2008,4,0.1
OI701142,O50583,P2007,2,0.1
OI701143,O50583,P2012,2,0.0
OI701144,O50584,P2010,5,0.1
OI701145,O50584,P2010,2,0.1
OI701146,O50585,P2004,4,0.2
OI701147,O50585,P2004,1,0.2
OI701148,O50586,P2012,2,0.15
OI701149,O50586,P2009,4,0.2
OI701150,O50586,P2012,3,0.0
OI701151,O50587,P2011,5,0.0
OI701152,O50588,P2003,2,0.15
OI701153,O50588,P2007,3,0.1
OI701154,O50589,P2009,1,0.0
OI701155,O50589,P2005,3,0.2
OI701156,O50590,P2008,1,0.0
OI701157,O50590,P2006,3,0.15
OI701158,O50590,P2002,5,0.1
OI701159,O50591,P2001,5,0.1
OI701160,O50591,P2003,2,0.05
OI701161,O50592,P2012,5,0.2
OI701162,O50593,P2007,3,0.1
OI701163,O50593,P2008,3,0.15
OI701164,O50594,P2003,5,0.2
OI701165,O50595,P2005,3,0.0
OI701166,O50595,P2004,4,0.05
OI701167,O50595,P2006,1,0.1
OI701168,O50596,P2007,3,0.2
OI701169,O50596,P2003,2,0.15
OI701170,O50596,P2006,5,0.0
OI701171,O50597,P2005,3,0.2
OI701172,O50598,P2006,1,0.1
OI701173,O50598,P2007,3,0.15
OI701174,O50599,P2002,1,0.0
OI701175,O50599,P2008,5,0.2
OI701176,O50600,P2001,4,0.0
OI701177,O50601,P2005,5,0.15
OI701178,O50601,P2009,3,0.2
OI701179,O50602,P2008,2,0.1
OI701180,O50602,P2011,2,0.0
OI701181,O50603,P2005,3,0.0
OI701182,O50603,P2002,2,0.1
OI701183,O50604,P2005,2,0.0
OI701184,O50605,P2004,1,0.15
OI701185,O50606,P2007,4,0.2
OI701186,O50607,P2007,4,0.2
OI701187,O50607,P2003,4,0.1
OI701188,O50608,P2008,5,0.0
OI701189,O50609,P2011,3,0.05
OI701190,O50610,P2005,2,0.05
OI701191,O50610,P2008,1,0.05
OI701192,O50610,P2004,1,0.15
OI701193,O50611,P2012,1,0.05
OI701194,O50612,P2005,4,0.0
OI701195,O50613,P2010,3,0.0
OI701196,O50613,P2009,1,0.0
OI701197,O50614,P2004,1,0.15
OI701198,O50614,P2008,5,0.1
OI701199,O50615,P2011,1,0.05
OI701200,O50615,P2010,2,0.2
OI701201,O50616,P2005,5,0.05
OI701202,O50617,P2001,2,0.1
OI701203,O50617,P2008,5,0.2
OI701204,O50617,P2009,4,0.05
OI701205,O50618,P2008,1,0.2
OI701206,O50618,P2005,3,0.1
OI701207,O50618,P2010,2,0.05
OI701208,O50619,P2005,1,0.1
OI701209,O50620,P2006,5,0.2
OI701210,O50620,P2001,3,0.1
OI701211,O50620,P2005,5,0.05
OI701212,O50621,P2007,2,0.05
OI701213,O50622,P2009,2,0.05
OI701214,O50622,P2001,2,0.1
OI701215,O50623,P2004,1,0.1
OI701216,O50623,P2008,1,0.1
OI701217,O50624,P2006,4,0.15
OI701218,O50625,P2010,2,0.2
OI701219,O50625,P2005,2,0.15
OI701220,O50625,P2004,1,0.15
OI701221,O50626,P2007,1,0.15
OI701222,O50626,P2003,3,0.1
OI701223,O50627,P2012,1,0.0
OI701224,O50627,P2007,5,0.0
OI701225,O50627,P2006,3,0.05
OI701226,O50628,P2004,3,0.2
OI701227,O50628,P2005,1,0.2
OI701228,O50629,P2010,4,0.1
OI701229,O50630,P2012,4,0.1
OI701230,O50631,P2010,4,0.0
OI701231,O50631,P2008,2,0.0
OI701232,O50631,P2005,1,0.0
OI701233,O50632,P2007,2,0.0
OI701234,O50632,P2010,4,0.1
OI701235,O50632,P2003,1,0.0
OI701236,O50633,P2012,2,0.15
OI701237,O50634,P2012,2,0.1
OI701238,O50634,P2006,1,0.15
OI701239,O50634,P2007,2,0.1
OI701240,O50635,P2001,4,0.2
OI701241,O50635,P2009,4,0.0
OI701242,O50635,P2009,4,0.1
OI701243,O50636,P2008,1,0.05
OI701244,O50636,P2010,5,0.05
OI701245,O50637,P2011,1,0.05
OI701246,O50637,P2001,2,0.15
OI701247,O50638,P2012,5,0.2
OI701248,O50638,P2009,4,0.1
OI701249,O50639,P2002,4,0.0
OI701250,O50639,P2005,2,0.15
OI701251,O50639,P2010,1,0.15
OI701252,O50640,P2001,3,0.1
OI701253,O50641,P2005,5,0.05
OI701254,O50642,P2011,2,0.1
OI701255,O50642,P2009,3,0.1
OI701256,O50642,P2004,1,0.0
OI701257,O50643,P2010,2,0.0
OI701258,O50643,P2004,3,0.05
OI701259,O50644,P2002,2,0.05
OI701260,O50645,P2011,2,0.0
OI701261,O50645,P2002,2,0.1
OI701262,O50645,P2007,2,0.05
OI701263,O50646,P2007,4,0.0
OI701264,O50647,P2008,4,0.1
OI701265,O50647,P2007,4,0.05
OI701266,O50648,P2004,3,0.0
OI701267,O50648,P2005,1,0.05
OI701268,O50649,P2007,5,0.0
OI701269,O50649,P2011,2,0.15
OI701270,O50650,P2012,1,0.2
OI701271,O50650,P2001,5,0.15
OI701272,O50650,P2006,2,0.0
OI701273,O50651,P2009,5,0.15
OI701274,O50651,P2012,5,0.1
OI701275,O50651,P2009,2,0.15
OI701276,O50652,P2006,4,0.05
OI701277,O50652,P2008,3,0.05
OI701278,O50653,P2001,4,0.05
OI701279,O50653,P2003,1,0.0
OI701280,O50653,P2002,5,0.2
OI701281,O50654,P2001,5,0.15
OI701282,O50654,P2007,5,0.1
OI701283,O50655,P2010,3,0.15
OI701284,O50655,P2009,5,0.05
OI701285,O50656,P2006,4,0.2
OI701286,O50657,P2009,5,0.2
OI701287,O50658,P2012,4,0.05
OI701288,O50658,P2006,4,0.05
OI701289,O50658,P2008,3,0.15
OI701290,O50659,P2009,1,0.15
OI701291,O50659,P2010,5,0.2
OI701292,O50660,P2001,4,0.0
OI701293,O50660,P2004,4,0.1
OI701294,O50661,P2010,1,0.15
OI701295,O50661,P2008,3,0.1
OI701296,O50662,P2007,2,0.05
OI701297,O50662,P2003,2,0.05
OI701298,O50663,P2011,1,0.05
OI701299,O50663,P2001,5,0.15
OI701300,O50664,P2005,4,0.2
OI701301,O50665,P2004,4,0.15
OI701302,O50665,P2008,1,0.15
OI701303,O50666,P2011,5,0.1
OI701304,O50667,P2001,5,0.05
OI701305,O50667,P2004,4,0.2
OI701306,O50668,P2007,3,0.05
OI701307,O50668,P2008,5,0.05
OI701308,O50669,P2010,5,0.15
OI701309,O50669,P2012,4,0.2
OI701310,O50669,P2009,5,0.2
OI701311,O50670,P2008,4,0.2
OI701312,O50670,P2005,1,0.2
OI701313,O50670,P2008,3,0.15
OI701314,O50671,P2006,2,0.05
OI701315,O50672,P2007,1,0.05
OI701316,O50672,P2003,5,0.05
OI701317,O50672,P2005,2,0.0
OI701318,O50673,P2007,3,0.05
OI701319,O50673,P2009,1,0.2
OI701320,O50673,P2007,2,0.1
OI701321,O50674,P2003,3,0.1
OI701322,O50674,P2010,3,0.15
OI701323,O50674,P2010,5,0.05
OI701324,O50675,P2003,5,0.2
OI701325,O50675,P2004,3,0.2
OI701326,O50675,P2001,4,0.2
OI701327,O50676,P2003,4,0.15
OI701328,O50676,P2001,4,0.15
OI701329,O50676,P2012,1,0.2
OI701330,O50677,P2004,2,0.15
OI701331,O50677,P2012,2,0.2
OI701332,O50678,P2003,3,0.2
OI701333,O50678,P2001,1,0.0
OI701334,O50679,P2001,5,0.0
OI701335,O50679,P2001,2,0.15
OI701336,O50680,P2004,3,0.15
OI701337,O50680,P2010,1,0.2
OI701338,O50680,P2011,4,0.1
OI701339,O50681,P2011,5,0.1
OI701340,O50681,P2009,2,0.15
OI701341,O50682,P2011,3,0.1
OI701342,O50683,P2007,1,0.2
OI701343,O50684,P2006,5,0.2
OI701344,O50684,P2002,1,0.05
OI701345,O50684,P2001,3,0.1
OI701346,O50685,P2001,5,0.2
OI701347,O50685,P2008,1,0.05
OI701348,O50686,P2009,2,0.2
OI701349,O50686,P2012,3,0.05
OI701350,O50686,P2007,1,0.1
OI701351,O50687,P2001,3,0.1
OI701352,O50688,P2007,5,0.2
OI701353,O50688,P2005,5,0.1
OI701354,O50688,P2008,1,0.05
OI701355,O50689,P2004,3,0.0
OI701356,O50689,P2004,4,0.15
OI701357,O50690,P2011,5,0.0
OI701358,O50690,P2008,2,0.05
OI701359,O50690,P2003,3,0.0
OI701360,O50691,P2002,3,0.15
OI701361,O50691,P2003,1,0.2
OI701362,O50692,P2004,5,0.05
OI701363,O50692,P2012,1,0.15
OI701364,O50692,P2001,1,0.1
OI701365,O50693,P2006,2,0.0
OI701366,O50694,P2012,5,0.0
OI701367,O50694,P2005,2,0.05
OI701368,O50694,P2005,3,0.1
OI701369,O50695,P2012,5,0.05
OI701370,O50696,P2007,2,0.2
OI701371,O50697,P2001,1,0.0
OI701372,O50697,P2005,2,0.2
OI701373,O50698,P2002,5,0.1
OI701374,O50698,P2004,3,0.1
OI701375,O50698,P2003,5,0.0
OI701376,O50699,P2004,1,0.0
OI701377,O50700,P2005,1,0.2
OI701378,O50700,P2011,4,0.1
OI701379,O50701,P2005,3,0.0
OI701380,O50701,P2009,1,0.15
OI701381,O50701,P2010,2,0.15
OI701382,O50702,P2005,3,0.05
OI701383,O50703,P2005,3,0.2
OI701384,O50703,P2003,3,0.2
OI701385,O50703,P2005,1,0.05
OI701386,O50704,P2010,5,0.05
OI701387,O50704,P2011,2,0.15
OI701388,O50704,P2011,2,0.2
OI701389,O50705,P2009,4,0.0
OI701390,O50705,P2009,2,0.05
OI701391,O50706,P2003,5,0.05
OI701392,O50707,P2006,4,0.1
OI701393,O50707,P2007,5,0.1
OI701394,O50708,P2011,4,0.0
OI701395,O50708,P2004,4,0.1
OI701396,O50708,P2004,2,0.0
OI701397,O50709,P2010,1,0.2
OI701398,O50710,P2010,2,0.2
OI701399,O50710,P2007,5,0.0
OI701400,O50711,P2004,2,0.0
OI701401,O50711,P2012,4,0.2
OI701402,O50711,P2007,1,0.05
OI701403,O50712,P2002,5,0.2
OI701404,O50712,P2007,3,0.15
OI701405,O50713,P2001,3,0.15
OI701406,O50713,P2010,3,0.2
OI701407,O50713,P2008,2,0.1
OI701408,O50714,P2011,2,0.05
OI701409,O50714,P2008,4,0.05
OI701410,O50714,P2008,1,0.05
OI701411,O50715,P2007,5,0.05
OI701412,O50715,P2004,5,0.2
OI701413,O50715,P2011,2,0.2
OI701414,O50716,P2011,5,0.1
OI701415,O50716,P2004,5,0.1
OI701416,O50717,P2008,5,0.0
OI701417,O50717,P2012,3,0.0
OI701418,O50718,P2006,4,0.1
OI701419,O50719,P2006,2,0.05
OI701420,O50720,P2010,1,0.15
OI701421,O50720,P2006,2,0.15
OI701422,O50720,P2003,4,0.1
OI701423,O50721,P2010,5,0.1
OI701424,O50722,P2002,2,0.05
OI701425,O50722,P2010,2,0.15
OI701426,O50722,P2004,4,0.05
OI701427,O50723,P2001,4,0.0
OI701428,O50723,P2012,5,0.1
OI701429,O50724,P2010,1,0.15
OI701430,O50724,P2005,5,0.2
OI701431,O50724,P2012,3,0.0
OI701432,O50725,P2002,5,0.1
OI701433,O50726,P2006,1,0.1
OI701434,O50726,P2006,4,0.0
OI701435,O50727,P2001,3,0.05
OI701436,O50727,P2009,4,0.0
OI701437,O50727,P2006,3,0.1
OI701438,O50728,P2003,3,0.05
OI701439,O50729,P2002,4,0.0
OI701440,O50729,P2008,5,0.05
OI701441,O50730,P2001,2,0.0
OI701442,O50731,P2012,5,0.2
OI701443,O50731,P2008,2,0.1
OI701444,O50731,P2004,5,0.1
OI701445,O50732,P2009,2,0.05
OI701446,O50732,P2003,1,0.0
OI701447,O50733,P2012,2,0.15
OI701448,O50733,P2004,2,0.0
OI701449,O50734,P2008,2,0.1
OI701450,O50734,P2006,2,0.15
OI701451,O50735,P2001,3,0.05
OI701452,O50735,P2010,2,0.2
OI701453,O50736,P2002,3,0.2
OI701454,O50736,P2004,4,0.15
OI701455,O50737,P2002,2,0.05
OI701456,O50737,P2005,5,0.0
OI701457,O50737,P2007,5,0.2
OI701458,O50738,P2012,3,0.15
OI701459,O50738,P2007,1,0.0
OI701460,O50739,P2003,2,0.15
OI701461,O50739,P2007,3,0.2
OI701462,O50739,P2010,5,0.15
OI701463,O50740,P2008,3,0.2
OI701464,O50740,P2011,1,0.2
OI701465,O50740,P2009,5,0.15
OI701466,O50741,P2004,1,0.0
OI701467,O50741,P2004,2,0.1
OI701468,O50741,P2003,1,0.1
OI701469,O50742,P2002,3,0.15
OI701470,O50742,P2009,1,0.15
OI701471,O50742,P2001,2,0.05
OI701472,O50743,P2003,4,0.2
OI701473,O50743,P2012,2,0.0
OI701474,O50743,P2003,4,0.0
OI701475,O50744,P2005,4,0.15
OI701476,O50744,P2008,4,0.2
OI701477,O50745,P2007,4,0.2
OI701478,O50745,P2006,2,0.2
OI701479,O50746,P2007,1,0.05
OI701480,O50746,P2006,4,0.15
OI701481,O50746,P2010,1,0.1
OI701482,O50747,P2012,1,0.2
OI701483,O50747,P2001,1,0.2
OI701484,O50747,P2010,5,0.15
OI701485,O50748,P2007,3,0.1
OI701486,O50748,P2004,5,0.05
OI701487,O50749,P2009,3,0.15
OI701488,O50749,P2001,2,0.1
OI701489,O50750,P2011,5,0.15
OI701490,O50750,P2005,1,0.15
OI701491,O50751,P2006,5,0.2
OI701492,O50751,P2007,2,0.0
OI701493,O50751,P2010,3,0.0
OI701494,O50752,P2012,2,0.05
OI701495,O50753,P2005,5,0.15
OI701496,O50753,P2005,2,0.2
OI701497,O50754,P2012,2,0.0
OI701498,O50754,P2011,2,0.2
OI701499,O50755,P2003,4,0.0
OI701500,O50755,P2005,2,0.15
OI701501,O50755,P2007,4,0.1
OI701502,O50756,P2002,4,0.0
OI701503,O50756,P2002,4,0.0
OI701504,O50756,P2010,1,0.0
OI701505,O50757,P2003,5,0.05
OI701506,O50757,P2010,5,0.0
OI701507,O50757,P2004,3,0.2
OI701508,O50758,P2003,2,0.05
OI701509,O50759,P2002,5,0.15
OI701510,O50760,P2007,4,0.15
OI701511,O50761,P2008,4,0.0
OI701512,O50761,P2001,4,0.2
OI701513,O50761,P2005,4,0.05
OI701514,O50762,P2010,4,0.0
OI701515,O50762,P2011,5,0.1
OI701516,O50763,P2007,5,0.1
OI701517,O50763,P2001,1,0.2
OI701518,O50764,P2010,1,0.0
OI701519,O50764,P2005,2,0.05
OI701520,O50764,P2007,2,0.0
OI701521,O50765,P2009,4,0.05
OI701522,O50765,P2004,3,0.0
OI701523,O50766,P2011,1,0.2
OI701524,O50766,P2001,3,0.15
OI701525,O50766,P2004,2,0.0
OI701526,O50767,P2001,3,0.05
OI701527,O50767,P2012,5,0.2
OI701528,O50767,P2009,3,0.05
OI701529,O50768,P2012,2,0.1
OI701530,O50769,P2004,4,0.1
OI701531,O50770,P2003,1,0.2
OI701532,O50770,P2006,2,0.05
OI701533,O50771,P2007,2,0.2
OI701534,O50771,P2011,1,0.15
OI701535,O50772,P2006,1,0.0
OI701536,O50772,P2009,5,0.0
OI701537,O50772,P2007,3,0.05
OI701538,O50773,P2011,2,0.0
OI701539,O50773,P2005,2,0.15
OI701540,O50774,P2001,2,0.15
OI701541,O50774,P2006,3,0.05
OI701542,O50775,P2002,1,0.0
OI701543,O50776,P2002,3,0.2
OI701544,O50776,P2009,3,0.0
OI701545,O50777,P2011,2,0.2
OI701546,O50777,P2009,2,0.0
OI701547,O50778,P2004,2,0.15
OI701548,O50779,P2006,4,0.15
OI701549,O50779,P2009,5,0.05
OI701550,O50780,P2006,1,0.0
OI701551,O50780,P2002,5,0.0
OI701552,O50780,P2011,4,0.1
OI701553,O50781,P2011,5,0.1
OI701554,O50781,P2004,1,0.2
OI701555,O50781,P2011,3,0.0
OI701556,O50782,P2004,3,0.15
OI701557,O50782,P2002,1,0.0
OI701558,O50782,P2012,5,0.1
OI701559,O50783,P2005,2,0.1
OI701560,O50783,P2005,4,0.05
OI701561,O50784,P2012,2,0.0
OI701562,O50784,P2007,1,0.05
OI701563,O50785,P2006,3,0.15
OI701564,O50785,P2002,3,0.0
OI701565,O50785,P2006,2,0.2
OI701566,O50786,P2003,1,0.0
OI701567,O50787,P2003,4,0.2
OI701568,O50788,P2012,5,0.1
OI701569,O50788,P2005,4,0.05
OI701570,O50788,P2008,5,0.0
OI701571,O50789,P2012,3,0.05
OI701572,O50789,P2004,1,0.05
OI701573,O50789,P2009,3,0.05
OI701574,O50790,P2010,1,0.0
OI701575,O50790,P2012,4,0.1
OI701576,O50791,P2008,3,0.05
OI701577,O50791,P2010,4,0.05
OI701578,O50791,P2009,4,0.0
OI701579,O50792,P2008,4,0.15
OI701580,O50793,P2011,3,0.05
OI701581,O50793,P2002,5,0.15
OI701582,O50794,P2003,1,0.0
OI701583,O50794,P2002,3,0.0
OI701584,O50795,P2004,4,0.1
OI701585,O50796,P2009,3,0.0
OI701586,O50797,P2012,3,0.0
OI701587,O50797,P2004,3,0.2
OI701588,O50797,P2012,5,0.2
OI701589,O50798,P2008,4,0.15
OI701590,O50798,P2008,1,0.2
OI701591,O50799,P2006,3,0.2
OI701592,O50800,P2006,2,0.0
OI701593,O50801,P2006,5,0.05
OI701594,O50802,P2009,5,0.2
OI701595,O50802,P2009,4,0.0
OI701596,O50802,P2009,1,0.15
OI701597,O50803,P2010,4,0.05
OI701598,O50803,P2005,3,0.1
OI701599,O50804,P2006,3,0.05
OI701600,O50804,P2008,2,0.05
OI701601,O50805,P2002,4,0.15
OI701602,O50805,P2012,2,0.1
OI701603,O50806,P2009,4,0.2
OI701604,O50806,P2011,1,0.05
OI701605,O50807,P2007,3,0.0
OI701606,O50807,P2007,4,0.0
OI701607,O50808,P2011,3,0.2
OI701608,O50808,P2005,1,0.15
OI701609,O50809,P2001,1,0.2
OI701610,O50810,P2004,3,0.05
OI701611,O50810,P2003,5,0.2
OI701612,O50810,P2005,2,0.2
OI701613,O50811,P2005,2,0.1
OI701614,O50811,P2007,1,0.1
OI701615,O50812,P2004,2,0.1
OI701616,O50812,P2005,5,0.1
OI701617,O50813,P2004,5,0.0
OI701618,O50813,P2007,1,0.15
OI701619,O50814,P2004,1,0.15
OI701620,O50814,P2005,2,0.2
OI701621,O50815,P2006,1,0.0
OI701622,O50816,P2003,5,0.1
OI701623,O50817,P2004,4,0.0
OI701624,O50817,P2002,1,0.2
OI701625,O50817,P2009,4,0.2
OI701626,O50818,P2009,3,0.1
OI701627,O50819,P2006,1,0.0
OI701628,O50819,P2007,3,0.15
OI701629,O50820,P2003,2,0.1
OI701630,O50820,P2012,3,0.15
OI701631,O50821,P2005,5,0.15
OI701632,O50821,P2011,4,0.15
OI701633,O50821,P2001,3,0.0
OI701634,O50822,P2009,3,0.05
OI701635,O50822,P2001,4,0.15
OI701636,O50823,P2009,4,0.1
OI701637,O50823,P2001,5,0.1
OI701638,O50824,P2011,2,0.15
OI701639,O50824,P2001,5,0.0
OI701640,O50824,P2007,2,0.0
OI701641,O50825,P2012,1,0.05
OI701642,O50825,P2003,1,0.05
OI701643,O50826,P2010,4,0.15
OI701644,O50826,P2009,2,0.2
OI701645,O50827,P2009,1,0.15
OI701646,O50828,P2003,2,0.15
OI701647,O50829,P2004,2,0.15
OI701648,O50830,P2008,3,0.05
OI701649,O50830,P2010,1,0.0
OI701650,O50830,P2003,2,0.1
OI701651,O50831,P2008,2,0.05
OI701652,O50831,P2008,2,0.2
OI701653,O50831,P2006,3,0.2
OI701654,O50832,P2006,3,0.05
OI701655,O50833,P2004,1,0.15
OI701656,O50834,P2004,5,0.1
OI701657,O50835,P2009,2,0.15
OI701658,O50835,P2003,4,0.15
OI701659,O50835,P2011,5,0.0
OI701660,O50836,P2007,2,0.15
OI701661,O50837,P2004,5,0.2
OI701662,O50837,P2011,1,0.05
OI701663,O50837,P2002,1,0.0
OI701664,O50838,P2002,2,0.2
OI701665,O50838,P2011,5,0.0
OI701666,O50839,P2008,1,0.2
OI701667,O50839,P2005,5,0.0
OI701668,O50840,P2002,5,0.15
OI701669,O50840,P2001,2,0.05
OI701670,O50841,P2001,5,0.2
OI701671,O50842,P2011,4,0.0
OI701672,O50842,P2009,1,0.2
OI701673,O50843,P2002,2,0.15
OI701674,O50843,P2011,3,0.0
OI701675,O50844,P2010,3,0.1
OI701676,O50844,P2012,2,0.0
OI701677,O50844,P2002,4,0.2
OI701678,O50845,P2008,2,0.1
OI701679,O50845,P2001,2,0.15
OI701680,O50845,P2011,5,0.2
OI701681,O50846,P2010,2,0.15
OI701682,O50847,P2011,4,0.05
OI701683,O50847,P2007,4,0.1
OI701684,O50847,P2005,3,0.1
OI701685,O50848,P2012,1,0.2
OI701686,O50849,P2007,3,0.1
OI701687,O50850,P2011,1,0.2
OI701688,O50850,P2009,4,0.0
OI701689,O50851,P2005,2,0.15
OI701690,O50852,P2006,4,0.0
OI701691,O50852,P2009,1,0.15
OI701692,O50852,P2005,3,0.05
OI701693,O50853,P2011,5,0.05
OI701694,O50853,P2004,3,0.15
OI701695,O50854,P2009,5,0.2
OI701696,O50855,P2004,2,0.15
OI701697,O50855,P2006,1,0.15
OI701698,O50856,P2012,3,0.05
OI701699,O50857,P2003,5,0.1
OI701700,O50858,P2012,1,0.05
OI701701,O50858,P2011,3,0.1
OI701702,O50858,P2007,4,0.2
OI701703,O50859,P2008,3,0.05
OI701704,O50859,P2002,4,0.0
OI701705,O50859,P2009,3,0.15
OI701706,O50860,P2007,3,0.1
OI701707,O50860,P2005,1,0.0
OI701708,O50860,P2009,5,0.0
OI701709,O50861,P2008,4,0.15
OI701710,O50862,P2002,2,0.1
OI701711,O50862,P2001,2,0.05
OI701712,O50862,P2012,2,0.2
OI701713,O50863,P2009,5,0.2
OI701714,O50863,P2003,3,0.1
OI701715,O50863,P2012,1,0.1
OI701716,O50864,P2003,4,0.05
OI701717,O50865,P2012,4,0.0
OI701718,O50865,P2002,3,0.1
OI701719,O50865,P2010,3,0.0
OI701720,O50866,P2011,4,0.15
OI701721,O50866,P2012,3,0.0
OI701722,O50866,P2008,3,0.15
OI701723,O50867,P2006,2,0.1
OI701724,O50867,P2008,4,0.1
OI701725,O50867,P2007,5,0.05
OI701726,O50868,P2010,5,0.15
OI701727,O50869,P2005,3,0.0
OI701728,O50869,P2007,2,0.05
OI701729,O50870,P2012,2,0.2
OI701730,O50870,P2007,5,0.05
OI701731,O50871,P2008,4,0.1
OI701732,O50871,P2006,3,0.2
OI701733,O50871,P2010,1,0.15
OI701734,O50872,P2009,3,0.05
OI701735,O50872,P2009,4,0.05
OI701736,O50872,P2005,2,0.0
OI701737,O50873,P2001,3,0.1
OI701738,O50874,P2012,2,0.05
OI701739,O50874,P2003,2,0.1
OI701740,O50875,P2004,4,0.2
OI701741,O50876,P2002,2,0.1
OI701742,O50877,P2002,1,0.1
OI701743,O50877,P2012,3,0.2
OI701744,O50877,P2008,1,0.1
OI701745,O50878,P2007,1,0.0
OI701746,O50878,P2008,3,0.1
OI701747,O50878,P2005,2,0.15
OI701748,O50879,P2006,2,0.15
OI701749,O50880,P2006,2,0.05
OI701750,O50880,P2003,2,0.15
OI701751,O50880,P2001,1,0.1
OI701752,O50881,P2010,4,0.15
OI701753,O50882,P2006,3,0.0
OI701754,O50882,P2007,5,0.05
OI701755,O50883,P2007,2,0.15
OI701756,O50884,P2012,2,0.2
OI701757,O50884,P2002,2,0.05
OI701758,O50884,P2012,4,0.05
OI701759,O50885,P2010,4,0.2
OI701760,O50886,P2002,2,0.15
OI701761,O50886,P2003,1,0.2
OI701762,O50887,P2005,3,0.15
OI701763,O50887,P2001,3,0.05
OI701764,O50888,P2001,3,0.1
OI701765,O50889,P2010,3,0.1
OI701766,O50889,P2010,4,0.2
OI701767,O50890,P2010,4,0.1
OI701768,O50891,P2007,5,0.15
OI701769,O50892,P2004,3,0.2
OI701770,O50893,P2011,4,0.05
OI701771,O50893,P2003,5,0.1
OI701772,O50894,P2012,3,0.0
OI701773,O50894,P2011,3,0.0
OI701774,O50894,P2007,1,0.05
OI701775,O50895,P2006,3,0.2
OI701776,O50895,P2005,4,0.2
OI701777,O50896,P2004,4,0.05
OI701778,O50896,P2006,4,0.05
OI701779,O50896,P2001,5,0.15
OI701780,O50897,P2005,2,0.2
OI701781,O50898,P2009,3,0.0
OI701782,O50898,P2003,1,0.15
OI701783,O50898,P2002,4,0.2
OI701784,O50899,P2009,5,0.1
OI701785,O50900,P2003,3,0.2
OI701786,O50900,P2008,2,0.1
OI701787,O50901,P2001,4,0.05
OI701788,O50901,P2004,3,0.1
OI701789,O50901,P2011,2,0.05
OI701790,O50902,P2011,5,0.1
OI701791,O50902,P2009,5,0.2
OI701792,O50903,P2007,5,0.05
OI701793,O50903,P2005,4,0.0
OI701794,O50903,P2007,5,0.0
OI701795,O50904,P2005,5,0.15
OI701796,O50904,P2002,4,0.0
OI701797,O50904,P2003,5,0.2
OI701798,O50905,P2005,1,0.05
OI701799,O50906,P2003,4,0.2
OI701800,O50906,P2011,2,0.15
OI701801,O50906,P2006,1,0.05
OI701802,O50907,P2009,3,0.15
OI701803,O50907,P2009,2,0.05
OI701804,O50907,P2012,5,0.0
OI701805,O50908,P2002,5,0.1
OI701806,O50908,P2009,4,0.15
OI701807,O50908,P2004,5,0.1
OI701808,O50909,P2004,1,0.1
OI701809,O50909,P2005,4,0.05
OI701810,O50910,P2009,3,0.15
OI701811,O50910,P2008,4,0.1
OI701812,O50910,P2012,2,0.1
OI701813,O50911,P2007,5,0.15
OI701814,O50912,P2012,4,0.1
OI701815,O50913,P2005,5,0.1
OI701816,O50914,P2002,5,0.1
OI701817,O50915,P2005,1,0.1
OI701818,O50915,P2009,2,0.15
OI701819,O50915,P2006,2,0.05
OI701820,O50916,P2004,4,0.05
OI701821,O50917,P2004,2,0.2
OI701822,O50917,P2011,3,0.05
OI701823,O50917,P2009,1,0.1
OI701824,O50918,P2009,1,0.0
OI701825,O50918,P2004,1,0.1
OI701826,O50919,P2004,3,0.05
OI701827,O50919,P2001,4,0.05
OI701828,O50919,P2007,4,0.2
OI701829,O50920,P2007,5,0.1
OI701830,O50921,P2004,4,0.15
OI701831,O50922,P2003,2,0.05
OI701832,O50923,P2011,1,0.15
OI701833,O50923,P2010,4,0.2
OI701834,O50923,P2001,4,0.0
OI701835,O50924,P2006,1,0.15
OI701836,O50924,P2009,3,0.05
OI701837,O50924,P2001,5,0.0
OI701838,O50925,P2008,4,0.15
OI701839,O50925,P2011,1,0.2
OI701840,O50925,P2001,5,0.05
OI701841,O50926,P2002,3,0.1
OI701842,O50926,P2012,1,0.0
OI701843,O50926,P2008,1,0.15
OI701844,O50927,P2012,3,0.2
OI701845,O50928,P2004,3,0.0
OI701846,O50929,P2004,4,0.15
OI701847,O50930,P2001,4,0.05
OI701848,O50931,P2004,2,0.05
OI701849,O50931,P2004,4,0.1
OI701850,O50931,P2008,1,0.1
OI701851,O50932,P2011,3,0.0
OI701852,O50932,P2009,1,0.2
OI701853,O50933,P2010,4,0.1
OI701854,O50933,P2008,1,0.0
OI701855,O50934,P2012,5,0.05
OI701856,O50934,P2005,2,0.15
OI701857,O50934,P2008,4,0.2
OI701858,O50935,P2008,3,0.2
OI701859,O50935,P2005,1,0.05
OI701860,O50936,P2012,5,0.0
OI701861,O50936,P2007,1,0.05
OI701862,O50937,P2012,1,0.0
OI701863,O50937,P2009,3,0.1
OI701864,O50937,P2011,5,0.2
OI701865,O50938,P2012,4,0.2
OI701866,O50938,P2007,1,0.2
OI701867,O50938,P2012,2,0.1
OI701868,O50939,P2008,4,0.05
OI701869,O50939,P2011,5,0.2
OI701870,O50940,P2001,5,0.0
OI701871,O50940,P2003,2,0.0
OI701872,O50941,P2006,2,0.0
OI701873,O50941,P2003,4,0.15
OI701874,O50941,P2004,1,0.1
OI701875,O50942,P2001,4,0.0
OI701876,O50942,P2004,4,0.0
OI701877,O50942,P2004,1,0.05
OI701878,O50943,P2003,1,0.05
OI701879,O50943,P2002,4,0.2
OI701880,O50943,P2003,4,0.05
OI701881,O50944,P2009,2,0.1
OI701882,O50945,P2008,1,0.05
OI701883,O50945,P2009,5,0.0
OI701884,O50946,P2011,2,0.1
OI701885,O50946,P2011,5,0.15
OI701886,O50947,P2008,2,0.2
OI701887,O50947,P2001,1,0.15
OI701888,O50947,P2011,5,0.15
OI701889,O50948,P2005,3,0.05
OI701890,O50948,P2006,1,0.05
OI701891,O50949,P2009,1,0.05
OI701892,O50949,P2004,2,0.15
OI701893,O50949,P2011,4,0.1
OI701894,O50950,P2002,5,0.15
OI701895,O50951,P2007,5,0.2
OI701896,O50951,P2002,2,0.0
OI701897,O50952,P2008,2,0.0
OI701898,O50952,P2006,3,0.15
OI701899,O50953,P2003,4,0.15
OI701900,O50954,P2010,5,0.1
OI701901,O50954,P2012,3,0.2
OI701902,O50954,P2005,3,0.15
OI701903,O50955,P2002,5,0.1
OI701904,O50955,P2012,2,0.2
OI701905,O50956,P2010,4,0.05
OI701906,O50956,P2010,5,0.15
OI701907,O50957,P2011,4,0.1
OI701908,O50957,P2011,1,0.1
OI701909,O50957,P2010,5,0.05
OI701910,O50958,P2005,5,0.1
OI701911,O50959,P2002,2,0.05
OI701912,O50960,P2006,3,0.0
OI701913,O50961,P2008,5,0.2
OI701914,O50962,P2001,5,0.2
OI701915,O50962,P2004,3,0.0
OI701916,O50963,P2010,1,0.15
OI701917,O50963,P2005,3,0.05
OI701918,O50963,P2010,3,0.2
OI701919,O50964,P2008,2,0.2
OI701920,O50965,P2009,1,0.15
OI701921,O50965,P2002,2,0.05
OI701922,O50966,P2008,2,0.1
OI701923,O50967,P2003,4,0.05
OI701924,O50967,P2004,3,0.15
OI701925,O50967,P2008,1,0.1
OI701926,O50968,P2004,5,0.0
OI701927,O50969,P2006,2,0.15
OI701928,O50969,P2006,4,0.05
OI701929,O50970,P2009,2,0.2
OI701930,O50970,P2011,3,0.0
OI701931,O50970,P2008,4,0.05
OI701932,O50971,P2007,5,0.05
OI701933,O50972,P2001,4,0.2
OI701934,O50972,P2010,3,0.0
OI701935,O50973,P2012,1,0.05
OI701936,O50973,P2011,3,0.0
OI701937,O50974,P2005,3,0.2
OI701938,O50975,P2006,3,0.2
OI701939,O50975,P2010,2,0.15
OI701940,O50975,P2009,2,0.2
OI701941,O50976,P2007,3,0.15
OI701942,O50977,P2005,2,0.15
OI701943,O50977,P2012,5,0.15
OI701944,O50977,P2009,4,0.2
OI701945,O50978,P2008,1,0.1
OI701946,O50979,P2004,5,0.15
OI701947,O50979,P2007,5,0.0
OI701948,O50980,P2002,2,0.0
OI701949,O50980,P2007,4,0.15
OI701950,O50981,P2012,2,0.0
OI701951,O50981,P2001,1,0.1
OI701952,O50982,P2011,1,0.05
OI701953,O50982,P2012,1,0.1
OI701954,O50983,P2007,5,0.05
OI701955,O50984,P2006,4,0.2
OI701956,O50984,P2002,3,0.15
OI701957,O50985,P2010,2,0.1
OI701958,O50986,P2008,5,0.15
OI701959,O50986,P2003,4,0.15
OI701960,O50986,P2004,1,0.15
OI701961,O50987,P2010,1,0.1
OI701962,O50987,P2010,5,0.2
OI701963,O50988,P2003,3,0.1
OI701964,O50989,P2002,1,0.05
OI701965,O50990,P2001,1,0.05
OI701966,O50990,P2011,5,0.1
OI701967,O50990,P2001,1,0.2
OI701968,O50991,P2001,5,0.1
OI701969,O50991,P2005,3,0.05
OI701970,O50992,P2010,1,0.15
OI701971,O50992,P2003,3,0.15
OI701972,O50992,P2001,4,0.05
OI701973,O50993,P2006,1,0.15
OI701974,O50993,P2004,5,0.2
OI701975,O50993,P2003,4,0.05
OI701976,O50994,P2007,2,0.15
OI701977,O50994,P2004,5,0.2
OI701978,O50995,P2009,5,0.0
OI701979,O50996,P2012,2,0.1
OI701980,O50996,P2010,2,0.05
OI701981,O50996,P2005,2,0.15
OI701982,O50997,P2005,5,0.1
OI701983,O50997,P2012,4,0.2
OI701984,O50998,P2012,5,0.0
OI701985,O50999,P2005,3,0.15
OI701986,O50999,P2009,2,0.15
OI701987,O51000,P2006,5,0.15
OI701988,O51000,P2012,5,0.0
OI701989,O51000,P2010,1,0.2
OI701990,O51001,P2004,1,0.1
OI701991,O51001,P2004,3,0.0
OI701992,O51001,P2001,3,0.15
OI701993,O51002,P2004,1,0.05
OI701994,O51003,P2004,2,0.05
OI701995,O51004,P2005,4,0.15
OI701996,O51004,P2008,3,0.2
OI701997,O51004,P2004,5,0.05
OI701998,O51005,P2010,5,0.0
OI701999,O51006,P2007,2,0.1
OI702000,O51006,P2009,3,0.1
OI702001,O51007,P2003,4,0.05
OI702002,O51007,P2012,2,0.2
OI702003,O51007,P2008,2,0.15
OI702004,O51008,P2004,2,0.15
OI702005,O51009,P2007,3,0.0
OI702006,O51009,P2003,2,0.05
OI702007,O51010,P2005,3,0.15
OI702008,O51010,P2010,4,0.1
OI702009,O51010,P2012,5,0.05
OI702010,O51011,P2005,5,0.2
OI702011,O51012,P2009,2,0.1
OI702012,O51012,P2003,3,0.0
OI702013,O51012,P2001,5,0.2
OI702014,O51013,P2008,2,0.1
OI702015,O51013,P2009,3,0.05
OI702016,O51013,P2005,5,0.05
OI702017,O51014,P2010,5,0.1
OI702018,O51014,P2003,1,0.1
OI702019,O51014,P2005,1,0.2
OI702020,O51015,P2005,4,0.1
OI702021,O51015,P2006,4,0.1
OI702022,O51015,P2010,1,0.15
OI702023,O51016,P2011,1,0.0
OI702024,O51016,P2008,5,0.2
OI702025,O51016,P2011,1,0.1
OI702026,O51017,P2008,4,0.05
OI702027,O51017,P2006,3,0.2
OI702028,O51017,P2003,2,0.0
OI702029,O51018,P2012,5,0.05
OI702030,O51019,P2008,5,0.05
OI702031,O51019,P2012,2,0.15
OI702032,O51019,P2005,4,0.05
OI702033,O51020,P2008,2,0.2
OI702034,O51020,P2009,3,0.0
OI702035,O51020,P2012,4,0.15
OI702036,O51021,P2008,2,0.05
OI702037,O51021,P2001,1,0.15
OI702038,O51021,P2011,1,0.1
OI702039,O51022,P2005,4,0.2
OI702040,O51023,P2004,5,0.15
OI702041,O51023,P2005,2,0.0
OI702042,O51023,P2012,2,0.05
OI702043,O51024,P2002,5,0.15
OI702044,O51024,P2002,1,0.0
OI702045,O51025,P2006,4,0.0
OI702046,O51025,P2003,3,0.05
OI702047,O51025,P2008,5,0.05
OI702048,O51026,P2011,5,0.0
OI702049,O51026,P2002,5,0.2
OI702050,O51027,P2007,3,0.15
OI702051,O51028,P2005,5,0.0
OI702052,O51028,P2001,5,0.0
OI702053,O51028,P2012,2,0.05
OI702054,O51029,P2012,2,0.0
OI702055,O51030,P2002,4,0.0
OI702056,O51030,P2006,2,0.0
OI702057,O51031,P2007,2,0.0
OI702058,O51032,P2010,4,0.15
OI702059,O51033,P2001,4,0.15
OI702060,O51033,P2003,3,0.15
OI702061,O51033,P2008,2,0.15
OI702062,O51034,P2001,3,0.1
OI702063,O51034,P2005,1,0.0
OI702064,O51034,P2010,5,0.1
OI702065,O51035,P2012,4,0.1
OI702066,O51035,P2012,4,0.2
OI702067,O51035,P2012,1,0.15
OI702068,O51036,P2010,2,0.2
OI702069,O51036,P2006,2,0.0
OI702070,O51036,P2004,5,0.15
OI702071,O51037,P2011,2,0.15
OI702072,O51037,P2005,5,0.1
OI702073,O51037,P2011,4,0.15
OI702074,O51038,P2010,2,0.1
OI702075,O51038,P2006,1,0.1
OI702076,O51038,P2006,2,0.0
OI702077,O51039,P2007,1,0.15
OI702078,O51039,P2003,1,0.1
OI702079,O51040,P2011,1,0.05
OI702080,O51040,P2009,2,0.2
OI702081,O51041,P2012,5,0.0
OI702082,O51041,P2006,4,0.0
OI702083,O51041,P2006,4,0.15
OI702084,O51042,P2011,4,0.0
OI702085,O51042,P2004,5,0.0
OI702086,O51043,P2005,5,0.15
OI702087,O51044,P2005,5,0.05
OI702088,O51045,P2006,4,0.15
OI702089,O51045,P2010,1,0.1
OI702090,O51046,P2006,4,0.15
OI702091,O51046,P2005,1,0.2
OI702092,O51046,P2010,5,0.05
OI702093,O51047,P2004,1,0.0
OI702094,O51048,P2012,2,0.1
OI702095,O51049,P2005,5,0.0
OI702096,O51049,P2011,4,0.05
OI702097,O51050,P2006,5,0.0
OI702098,O51050,P2001,3,0.2
OI702099,O51050,P2001,4,0.2
OI702100,O51051,P2011,4,0.05
OI702101,O51051,P2011,4,0.0
OI702102,O51052,P2008,5,0.15
OI702103,O51052,P2006,2,0.0
OI702104,O51053,P2008,5,0.0
OI702105,O51054,P2008,1,0.05
OI702106,O51054,P2004,4,0.05
OI702107,O51054,P2010,2,0.0
OI702108,O51055,P2005,3,0.15
OI702109,O51056,P2002,2,0.1
OI702110,O51056,P2005,4,0.2
OI702111,O51057,P2007,5,0.05
OI702112,O51057,P2007,2,0.15
OI702113,O51058,P2002,1,0.0
OI702114,O51058,P2001,1,0.15
OI702115,O51058,P2011,3,0.2
OI702116,O51059,P2010,4,0.0
OI702117,O51059,P2007,3,0.15
OI702118,O51059,P2010,1,0.15
OI702119,O51060,P2002,3,0.2
OI702120,O51060,P2001,1,0.2
OI702121,O51060,P2003,4,0.2
OI702122,O51061,P2006,3,0.05
OI702123,O51061,P2005,3,0.2
OI702124,O51062,P2011,1,0.05
OI702125,O51062,P2010,3,0.05
OI702126,O51062,P2004,1,0.05
OI702127,O51063,P2005,3,0.05
OI702128,O51063,P2003,5,0.1
OI702129,O51064,P2008,3,0.1
OI702130,O51065,P2009,1,0.2
OI702131,O51066,P2005,2,0.1
OI702132,O51066,P2008,3,0.0
OI702133,O51067,P2004,1,0.2
OI702134,O51067,P2004,3,0.0
OI702135,O51068,P2005,1,0.2
OI702136,O51068,P2004,3,0.1
OI702137,O51069,P2008,3,0.0
OI702138,O51069,P2009,1,0.1
OI702139,O51070,P2006,1,0.15
OI702140,O51070,P2006,1,0.0
OI702141,O51071,P2008,3,0.15
OI702142,O51071,P2010,5,0.2
OI702143,O51072,P2010,3,0.1
OI702144,O51072,P2008,1,0.15
OI702145,O51072,P2008,3,0.2
OI702146,O51073,P2012,5,0.2
OI702147,O51073,P2004,1,0.05
OI702148,O51073,P2009,5,0.2
OI702149,O51074,P2009,5,0.15
OI702150,O51074,P2002,3,0.05
OI702151,O51074,P2008,4,0.05
OI702152,O51075,P2002,2,0.2
OI702153,O51076,P2012,5,0.2
OI702154,O51076,P2003,2,0.0
OI702155,O51077,P2003,2,0.0
OI702156,O51078,P2007,4,0.15
OI702157,O51078,P2012,1,0.05
OI702158,O51078,P2004,3,0.1
OI702159,O51079,P2007,2,0.1
OI702160,O51079,P2012,3,0.1
OI702161,O51079,P2003,1,0.05
OI702162,O51080,P2006,5,0.1
OI702163,O51081,P2011,4,0.15
OI702164,O51081,P2010,2,0.1
OI702165,O51082,P2010,3,0.2
OI702166,O51082,P2003,1,0.15
OI702167,O51083,P2009,2,0.0
OI702168,O51083,P2004,3,0.1
OI702169,O51083,P2012,5,0.15
OI702170,O51084,P2002,3,0.15
OI702171,O51085,P2004,1,0.05
OI702172,O51085,P2010,5,0.2
OI702173,O51085,P2008,1,0.2
OI702174,O51086,P2004,5,0.1
OI702175,O51087,P2007,1,0.05
OI702176,O51088,P2004,5,0.1
OI702177,O51088,P2008,4,0.1
OI702178,O51088,P2001,5,0.1
OI702179,O51089,P2007,4,0.05
OI702180,O51089,P2011,2,0.15
OI702181,O51090,P2007,1,0.05
OI702182,O51090,P2001,3,0.15
OI702183,O51091,P2010,2,0.05
OI702184,O51091,P2006,2,0.2
OI702185,O51092,P2005,4,0.0
OI702186,O51092,P2002,2,0.05
OI702187,O51092,P2003,3,0.15
OI702188,O51093,P2006,1,0.05
OI702189,O51093,P2010,5,0.0
OI702190,O51094,P2010,1,0.1
OI702191,O51095,P2010,3,0.05
OI702192,O51095,P2010,4,0.2
OI702193,O51095,P2007,5,0.15
OI702194,O51096,P2004,4,0.0
OI702195,O51097,P2005,2,0.1
OI702196,O51097,P2012,5,0.1
OI702197,O51097,P2001,5,0.2
OI702198,O51098,P2008,3,0.0
OI702199,O51098,P2002,1,0.2
OI702200,O51099,P2007,2,0.0
OI702201,O51100,P2001,5,0.15
OI702202,O51100,P2010,1,0.2
OI702203,O51100,P2008,3,0.15
OI702204,O51101,P2004,2,0.1
OI702205,O51101,P2008,2,0.05
OI702206,O51102,P2007,5,0.05
OI702207,O51102,P2004,2,0.1
OI702208,O51102,P2010,3,0.05
OI702209,O51103,P2007,2,0.0
OI702210,O51103,P2007,4,0.2
OI702211,O51103,P2003,1,0.2
OI702212,O51104,P2001,1,0.1
OI702213,O51104,P2008,2,0.05
OI702214,O51105,P2012,3,0.1
OI702215,O51105,P2005,1,0.0
OI702216,O51105,P2011,1,0.2
OI702217,O51106,P2009,5,0.15
OI702218,O51107,P2004,3,0.15
OI702219,O51107,P2006,1,0.2
OI702220,O51107,P2003,5,0.2
OI702221,O51108,P2009,4,0.05
OI702222,O51109,P2002,2,0.2
OI702223,O51109,P2009,1,0.0
OI702224,O51109,P2004,1,0.0
OI702225,O51110,P2001,2,0.05
OI702226,O51110,P2012,5,0.2
OI702227,O51111,P2007,3,0.2
OI702228,O51111,P2009,5,0.1
OI702229,O51112,P2009,4,0.15
OI702230,O51112,P2005,4,0.05
OI702231,O51112,P2008,2,0.15
OI702232,O51113,P2009,2,0.15
OI702233,O51113,P2010,1,0.05
OI702234,O51114,P2011,4,0.1
OI702235,O51114,P2004,5,0.2
OI702236,O51114,P2011,2,0.1
OI702237,O51115,P2012,5,0.0
OI702238,O51116,P2007,3,0.1
OI702239,O51117,P2009,5,0.2
OI702240,O51117,P2006,5,0.15
OI702241,O51118,P2010,2,0.15
OI702242,O51119,P2012,5,0.2
OI702243,O51119,P2007,3,0.1
OI702244,O51119,P2012,2,0.1
OI702245,O51120,P2001,4,0.05
OI702246,O51120,P2004,4,0.0
OI702247,O51120,P2002,3,0.1
OI702248,O51121,P2005,2,0.1
OI702249,O51122,P2001,3,0.2
OI702250,O51123,P2005,3,0.0
OI702251,O51123,P2003,3,0.1
OI702252,O51124,P2012,4,0.0
OI702253,O51124,P2007,3,0.0
OI702254,O51125,P2011,2,0.1
OI702255,O51125,P2003,1,0.05
OI702256,O51126,P2012,4,0.2
OI702257,O51126,P2008,4,0.1
OI702258,O51126,P2001,3,0.2
OI702259,O51127,P2010,1,0.05
OI702260,O51127,P2004,2,0.2
OI702261,O51128,P2008,4,0.1
OI702262,O51128,P2012,2,0.0
OI702263,O51129,P2008,2,0.2
OI702264,O51129,P2002,2,0.0
OI702265,O51129,P2003,4,0.15
OI702266,O51130,P2011,1,0.15
OI702267,O51130,P2002,5,0.15
OI702268,O51131,P2007,2,0.15
OI702269,O51131,P2011,1,0.2
OI702270,O51131,P2009,1,0.2
OI702271,O51132,P2008,1,0.0
OI702272,O51133,P2009,4,0.05
OI702273,O51133,P2010,1,0.2
OI702274,O51134,P2008,5,0.05
OI702275,O51135,P2010,5,0.05
OI702276,O51135,P2007,2,0.1
OI702277,O51136,P2001,5,0.15
OI702278,O51136,P2006,1,0.0
OI702279,O51137,P2008,2,0.15
OI702280,O51137,P2005,1,0.1
OI702281,O51138,P2001,1,0.05
OI702282,O51139,P2012,2,0.0
OI702283,O51139,P2003,2,0.05
OI702284,O51140,P2012,2,0.15
OI702285,O51141,P2002,2,0.1
OI702286,O51141,P2006,1,0.15
OI702287,O51141,P2004,2,0.15
OI702288,O51142,P2011,5,0.1
OI702289,O51142,P2002,2,0.05
OI702290,O51142,P2004,2,0.0
OI702291,O51143,P2008,3,0.0
OI702292,O51144,P2011,3,0.05
OI702293,O51144,P2004,2,0.05
OI702294,O51145,P2012,2,0.2
OI702295,O51145,P2011,1,0.1
OI702296,O51145,P2008,3,0.1
OI702297,O51146,P2009,2,0.1
OI702298,O51146,P2003,5,0.0
OI702299,O51147,P2001,2,0.15
OI702300,O51148,P2006,1,0.05
OI702301,O51148,P2002,3,0.15
OI702302,O51148,P2001,4,0.05
OI702303,O51149,P2010,4,0.15
OI702304,O51149,P2009,1,0.0
OI702305,O51149,P2005,4,0.15
OI702306,O51150,P2004,5,0.1
OI702307,O51150,P2003,4,0.0
OI702308,O51150,P2005,4,0.15
OI702309,O51151,P2002,1,0.0
OI702310,O51152,P2010,3,0.1
OI702311,O51152,P2004,1,0.0
OI702312,O51152,P2009,1,0.0
OI702313,O51153,P2007,3,0.05
OI702314,O51153,P2002,3,0.05
OI702315,O51153,P2007,1,0.05
OI702316,O51154,P2006,2,0.05
OI702317,O51155,P2006,2,0.15
OI702318,O51155,P2005,2,0.1
OI702319,O51156,P2006,3,0.0
OI702320,O51157,P2001,4,0.0
OI702321,O51157,P2003,2,0.15
OI702322,O51158,P2006,1,0.05
OI702323,O51158,P2010,1,0.15
OI702324,O51158,P2005,1,0.15
OI702325,O51159,P2005,1,0.1
OI702326,O51160,P2002,3,0.2
OI702327,O51161,P2006,5,0.05
OI702328,O51162,P2011,4,0.05
OI702329,O51162,P2010,4,0.1
OI702330,O51163,P2012,5,0.2
OI702331,O51163,P2009,2,0.0
OI702332,O51164,P2012,2,0.0
OI702333,O51165,P2001,3,0.1
OI702334,O51166,P2009,3,0.2
OI702335,O51166,P2010,1,0.05
OI702336,O51167,P2007,4,0.05
OI702337,O51167,P2001,4,0.15
OI702338,O51167,P2008,3,0.0
OI702339,O51168,P2008,4,0.0
OI702340,O51168,P2009,4,0.2
OI702341,O51168,P2007,4,0.1
OI702342,O51169,P2009,4,0.2
OI702343,O51169,P2001,4,0.15
OI702344,O51169,P2007,3,0.15
OI702345,O51170,P2005,5,0.15
OI702346,O51170,P2003,5,0.05
OI702347,O51171,P2011,2,0.05
OI702348,O51172,P2006,1,0.0
OI702349,O51173,P2003,1,0.2
OI702350,O51173,P2008,1,0.0
OI702351,O51174,P2004,1,0.15
OI702352,O51174,P2011,2,0.15
OI702353,O51174,P2006,1,0.15
OI702354,O51175,P2012,1,0.1
OI702355,O51175,P2008,1,0.2
OI702356,O51175,P2002,2,0.2
OI702357,O51176,P2009,3,0.15
OI702358,O51176,P2001,4,0.0
OI702359,O51177,P2007,3,0.0
OI702360,O51178,P2004,5,0.0
OI702361,O51178,P2003,2,0.1
OI702362,O51178,P2005,1,0.1
OI702363,O51179,P2002,2,0.1
OI702364,O51179,P2009,1,0.05
OI702365,O51179,P2003,4,0.0
OI702366,O51180,P2006,2,0.2
OI702367,O51180,P2010,5,0.2
OI702368,O51181,P2011,1,0.05
OI702369,O51182,P2009,3,0.1
OI702370,O51182,P2005,3,0.1
OI702371,O51183,P2008,4,0.05
OI702372,O51183,P2002,2,0.1
OI702373,O51184,P2003,5,0.05
OI702374,O51185,P2002,5,0.05
OI702375,O51185,P2005,4,0.05
OI702376,O51185,P2007,4,0.0
OI702377,O51186,P2010,2,0.2
OI702378,O51187,P2011,5,0.2
OI702379,O51187,P2005,5,0.05
OI702380,O51187,P2008,1,0.2
OI702381,O51188,P2012,2,0.05
OI702382,O51188,P2007,5,0.1
OI702383,O51189,P2003,4,0.15
OI702384,O51189,P2011,1,0.05
OI702385,O51189,P2002,3,0.15
OI702386,O51190,P2010,4,0.2
OI702387,O51190,P2011,3,0.2
OI702388,O51191,P2009,3,0.2
OI702389,O51192,P2003,4,0.2
OI702390,O51192,P2001,1,0.15
OI702391,O51193,P2007,1,0.1
OI702392,O51193,P2007,5,0.05
OI702393,O51194,P2001,3,0.15
OI702394,O51194,P2004,4,0.2
OI702395,O51195,P2007,4,0.0
OI702396,O51196,P2005,1,0.05
OI702397,O51197,P2011,3,0.05
OI702398,O51198,P2001,3,0.15
OI702399,O51198,P2010,2,0.1
OI702400,O51198,P2010,4,0.0
OI702401,O51199,P2004,2,0.0
OI702402,O51199,P2002,2,0.0
OI702403,O51199,P2009,3,0.05
OI700031,O50014,P2005,5,0.05
