payment_id,order_id,payment_date,payment_status,payment_amount
PAY800000,O50000,2025-12-02,Success,7068.45
PAY800001,O50001,2025-09-03,Success,17597.77
PAY800002,O50002,2025-03-04,Success,19103.57
PAY800003,O50003,2025-02-18,Success,11672.07
PAY800004,O50004,2025-11-17,Refunded,12211.72
PAY800005,O50005,2025-04-11,Failed,3734.78
PAY800006,O50006,2025-10-10,Success,17694.79
PAY800007,O50007,2025-02-23,Success,24811.78
PAY800008,O50008,2025-04-14,Success,19559.09
PAY800009,O50009,2025-04-15,Refunded,5966.25
PAY800010,O50010,2025-04-13,Success,15766.51
PAY800011,O50011,2025-09-06,Success,7726.44
PAY800012,O50012,2025-11-30,Success,1239.33
PAY800013,O50013,2025-12-02,Success,4905.66
PAY800014,O50014,2025-09-29,Success,3013.54
PAY800015,O50015,2025-03-18,Success,5300.35
PAY800016,O50016,2025-12-20,Success,19992.31
PAY800017,O50017,2025-07-18,Success,-500.0
PAY800018,O50018,2025-07-21,Success,19047.48
PAY800019,O50019,2025-09-14,Success,23747.13
PAY800020,O50020,2025-10-08,Refunded,14569.69
PAY800021,O50021,2025-12-16,Success,12392.52
PAY800022,O50022,2025-08-02,Success,18878.12
PAY800023,O50023,2025-08-12,Success,2878.71
PAY800024,O50024,2025-09-30,Success,10991.2
PAY800025,O50025,2025-04-07,Refunded,12721.2
PAY800026,O50026,2025-04-24,Success,20860.76
PAY800027,O50027,2025-08-18,Refunded,20448.33
PAY800028,O50028,2025-01-25,Success,21282.5
PAY800029,O50029,2025-04-28,Success,17597.89
PAY800030,O50030,2025-09-22,Success,13498.62
PAY800031,O50031,2025-12-26,Success,20783.04
PAY800032,O50032,2025-07-11,Success,21895.42
PAY800033,O50033,2025-05-26,Refunded,12271.87
PAY800034,O50034,2025-06-13,Failed,24648.72
PAY800035,O50035,2025-09-09,Success,21933.04
PAY800036,O50036,2025-07-18,Failed,13006.51
PAY800037,O50037,2025-01-09,Failed,2197.55
PAY800038,O50038,2025-07-19,Success,6000.06
PAY800039,O50039,2025-05-28,Success,19521.77
PAY800040,O50040,2025-09-13,Success,3223.28
PAY800041,O50041,2025-11-19,Success,12010.1
PAY800042,O50042,2025-12-19,Success,15318.88
PAY800043,O50043,2025-08-14,Refunded,22019.5
PAY800044,O99999,2025-05-16,Success,21254.29
PAY800045,O50045,2025-06-12,Success,19224.81
PAY800046,O50046,2025-03-08,Success,10488.51
PAY800047,O50047,2025-12-10,Success,3985.11
PAY800048,O50048,2025-11-06,Success,16906.41
PAY800049,O50049,2025-11-09,Success,4941.57
PAY800050,O50050,2025-05-01,Success,14252.2
PAY800051,O50051,2025-04-28,Success,24526.62
PAY800052,O50052,2025-11-11,Success,13982.59
PAY800053,O50053,2025-07-19,Success,16316.14
PAY800054,O50054,2025-09-18,Success,17100.6
PAY800055,O50055,2025-07-01,Success,20844.51
PAY800056,O50056,2025-06-13,Success,11157.03
PAY800057,O50057,2025-08-19,Success,12688.99
PAY800058,O50058,2025-10-24,Success,4811.31
PAY800059,O50059,2025-05-02,Success,15559.66
PAY800060,O50060,2025-10-24,Failed,7746.07
PAY800061,O50061,2025-04-03,Failed,12936.81
PAY800062,O50062,2025-05-28,Success,19280.65
PAY800063,O50063,2025-12-02,Success,930.46
PAY800064,O50064,2025-12-15,Success,14315.93
PAY800065,O50065,2025-12-05,Failed,4749.4
PAY800066,O50066,2025-04-28,Success,7344.89
PAY800067,O50067,2025-11-07,Success,1350.48
PAY800068,O50068,2025-12-11,Success,4651.84
PAY800069,O50069,2025-12-26,Success,24672.42
PAY800070,O50070,2025-01-08,Success,24963.81
PAY800071,O50071,2025-09-30,Success,18136.27
PAY800072,O50072,2026-01-02,Success,15490.49
PAY800073,O50073,2025-10-07,Success,19536.67
PAY800074,O50074,2025-03-29,Success,22465.58
PAY800075,O50075,2025-10-08,Success,13222.97
PAY800076,O50076,2025-02-11,Success,1364.46
PAY800077,O50077,2025-06-25,Refunded,17880.2
PAY800078,O50078,2025-08-17,Success,24622.76
PAY800079,O50079,2025-06-16,Failed,6822.3
PAY800080,O50080,2025-09-14,Success,11854.91
PAY800081,O50081,2025-03-31,Pending,9351.22
PAY800082,O50082,2025-08-10,Success,10066.45
PAY800083,O50083,2025-08-26,Success,18174.3
PAY800084,O50084,2025-08-20,Success,9770.91
PAY800085,O50085,2025-04-18,Refunded,23556.56
PAY800086,O50086,2025-04-23,Refunded,19846.63
PAY800087,O50087,2025-04-08,Success,1177.35
PAY800088,O50088,2025-06-19,Success,20554.45
PAY800089,O50089,2025-08-05,Success,19435.01
PAY800090,O50090,2025-05-13,Success,13154.1
PAY800091,O50091,2025-05-30,Success,12672.03
PAY800092,O50092,2025-04-15,Success,20970.41
PAY800093,O50093,2025-03-22,Success,10907.24
PAY800094,O50094,2025-08-31,Success,4406.83
PAY800095,O50095,2025-10-25,Failed,8166.02
PAY800096,O50096,2025-04-20,Success,6997.46
PAY800097,O50097,2025-11-13,Success,17185.95
PAY800098,O50098,2025-07-29,Success,4882.4
PAY800099,O50099,2025-03-04,Success,16296.92
PAY800100,O50100,2025-05-17,Success,11916.19
PAY800101,O50101,2025-01-05,Success,21071.69
PAY800102,O50102,2025-01-15,Success,12382.47
PAY800103,O50103,2025-05-06,Success,23280.2
PAY800104,O50104,2025-06-16,Success,22561.49
PAY800105,O50105,2025-10-19,Success,5039.55
PAY800106,O50106,2025-02-22,Success,17311.08
PAY800107,O50107,2025-11-06,Success,5758.31
PAY800108,O50108,2025-03-28,Success,20670.96
PAY800109,O50109,2025-02-22,Success,16075.22
PAY800110,O50110,2025-09-13,Success,7705.88
PAY800111,O50111,2025-10-13,Success,6603.53
PAY800112,O50112,2025-08-10,Success,11024.65
PAY800113,O50113,2025-02-13,Success,20117.71
PAY800114,O50114,2025-02-14,Success,20005.96
PAY800115,O50115,2025-05-24,Success,1317.72
PAY800116,O50116,2025-06-16,Success,7906.04
PAY800117,O50117,2026-01-02,Success,10859.85
PAY800118,O50118,2025-04-16,Success,14846.76
PAY800119,O50119,2025-03-15,Success,4163.41
PAY800120,O50120,2025-12-13,Success,8714.43
PAY800121,O50121,2025-03-01,Success,22197.13
PAY800122,O50122,2025-01-11,Success,12175.41
PAY800123,O50123,2025-06-06,Success,18731.51
PAY800124,O50124,2025-05-29,Success,12377.07
PAY800125,O50125,2025-08-18,Success,11892.07
PAY800126,O50126,2025-11-17,Success,15737.18
PAY800127,O50127,2025-12-07,Success,6854.43
PAY800128,O50128,2025-04-19,Pending,6620.15
PAY800129,O50129,2025-12-27,Success,24739.17
PAY800130,O50130,2025-08-21,Pending,21790.3
PAY800131,O50131,2025-01-27,Success,18574.99
PAY800132,O50132,2025-12-10,Success,3860.04
PAY800133,O50133,2025-02-22,Success,1240.51
PAY800134,O50134,2025-08-05,Success,4797.61
PAY800135,O50135,2025-10-17,Success,23474.41
PAY800136,O50136,2025-04-02,Success,20499.1
PAY800137,O50137,2025-04-09,Failed,13315.36
PAY800138,O50138,2025-06-24,Success,24235.12
PAY800139,O50139,2025-11-21,Success,4091.26
PAY800140,O50140,2025-03-24,Success,14199.19
PAY800141,O50141,2025-09-02,Success,4988.94
PAY800142,O50142,2025-06-16,Success,8007.5
PAY800143,O50143,2025-02-11,Success,23533.31
PAY800144,O50144,2025-09-19,Success,21772.82
PAY800145,O50145,2025-11-02,Success,2994.07
PAY800146,O50146,2025-08-02,Success,6613.82
PAY800147,O50147,2025-03-09,Success,15065.43
PAY800148,O50148,2025-02-27,Success,2003.14
PAY800149,O50149,2025-06-06,Success,13977.07
PAY800150,O50150,2025-07-05,Failed,14820.04
PAY800151,O50151,2025-07-24,Success,7628.7
PAY800152,O50152,2025-04-01,Success,7681.51
PAY800153,O50153,2025-07-05,Refunded,6112.44
PAY800154,O50154,2025-04-19,Success,23424.07
PAY800155,O50155,2025-09-08,Failed,10027.34
PAY800156,O50156,2025-10-18,Success,14839.09
PAY800157,O50157,2025-08-29,Success,7888.58
PAY800158,O50158,2025-01-04,Success,17715.27
PAY800159,O50159,2025-12-31,Success,2985.31
PAY800160,O50160,2025-01-12,Success,2255.22
PAY800161,O50161,2026-01-01,Success,18734.95
PAY800162,O50162,2025-01-15,Success,18303.36
PAY800163,O50163,2025-07-11,Success,6992.53
PAY800164,O50164,2025-02-08,Success,9198.64
PAY800165,O50165,2025-02-07,Success,23952.88
PAY800166,O50166,2025-09-07,Success,3056.09
PAY800167,O50167,2025-09-25,Failed,4987.1
PAY800168,O50168,2025-02-14,Success,11035.94
PAY800169,O50169,2025-12-24,Success,7411.42
PAY800170,O50170,2025-04-30,Success,16400.71
PAY800171,O50171,2025-04-29,Success,17419.74
PAY800172,O50172,2025-04-19,Success,13396.51
PAY800173,O50173,2025-06-18,Failed,15474.33
PAY800174,O50174,2025-03-06,Success,11118.81
PAY800175,O50175,2025-06-06,Success,19129.49
PAY800176,O50176,2025-03-18,Refunded,1531.41
PAY800177,O50177,2025-01-20,Success,8165.84
PAY800178,O50178,2025-05-18,Success,17268.54
PAY800179,O50179,2025-09-06,Success,8576.31
PAY800180,O50180,2025-10-09,Success,2424.11
PAY800181,O50181,2025-05-10,Success,8952.83
PAY800182,O50182,2025-05-01,Success,17931.62
PAY800183,O50183,2025-10-18,Success,3488.63
PAY800184,O50184,2025-09-06,Success,18253.47
PAY800185,O50185,2025-11-03,Success,19498.67
PAY800186,O50186,2025-11-29,Success,16064.87
PAY800187,O50187,2025-10-28,Failed,6483.73
PAY800188,O50188,2025-12-09,Success,20229.74
PAY800189,O50189,2025-06-03,Pending,5753.84
PAY800190,O50190,2025-05-25,Success,22692.61
PAY800191,O50191,2025-04-28,Success,17812.82
PAY800192,O50192,2025-03-28,Success,1840.64
PAY800193,O50193,2025-10-01,Success,20082.53
PAY800194,O50194,2025-09-20,Success,12907.62
PAY800195,O50195,2025-10-21,Pending,11589.9
PAY800196,O50196,2025-03-04,Success,10802.52
PAY800197,O50197,2025-06-29,Success,15362.44
PAY800198,O50198,2025-03-26,Success,18252.17
PAY800199,O50199,2025-11-24,Pending,22451.43
PAY800200,O50200,2025-04-09,Success,7187.15
PAY800201,O50201,2025-02-24,Success,15954.02
PAY800202,O50202,2025-07-29,Success,17315.39
PAY800203,O50203,2025-11-17,Failed,17032.53
PAY800204,O50204,2025-12-03,Success,12578.52
PAY800205,O50205,2025-02-08,Success,10080.05
PAY800206,O50206,2025-05-01,Success,19178.28
PAY800207,O50207,2025-02-28,Success,7850.24
PAY800208,O50208,2025-04-23,Pending,5597.3
PAY800209,O50209,2025-07-16,Success,13872.82
PAY800210,O50210,2025-04-15,Success,7056.47
PAY800211,O50211,2025-01-26,Refunded,1314.21
PAY800212,O50212,2025-07-06,Refunded,1763.61
PAY800213,O50213,2025-01-23,Failed,17527.76
PAY800214,O50214,2025-03-25,Failed,24342.07
PAY800215,O50215,2025-01-02,Success,11639.87
PAY800216,O50216,2025-02-03,Refunded,4103.0
PAY800217,O50217,2025-06-10,Failed,20543.04
PAY800218,O50218,2025-11-09,Success,6905.18
PAY800219,O50219,2025-10-12,Success,24892.85
PAY800220,O50220,2025-02-07,Success,14299.97
PAY800221,O50221,2025-01-13,Success,6199.5
PAY800222,O50222,2025-05-04,Success,12652.12
PAY800223,O50223,2025-08-30,Success,8716.84
PAY800224,O50224,2025-10-02,Success,19597.06
PAY800225,O50225,2025-10-29,Success,3092.49
PAY800226,O50226,2025-05-06,Success,21496.57
PAY800227,O50227,2025-03-05,Refunded,19299.75
PAY800228,O50228,2025-01-13,Success,21603.41
PAY800229,O50229,2025-02-26,Success,22427.35
PAY800230,O50230,2025-01-26,Success,6129.56
PAY800231,O50231,2025-11-12,Pending,13264.64
PAY800232,O50232,2025-04-11,Pending,21323.09
PAY800233,O50233,2025-10-31,Success,9746.01
PAY800234,O50234,2025-07-22,Success,1979.99
PAY800235,O50235,2025-07-19,Success,7645.04
PAY800236,O50236,2025-06-18,Success,6427.05
PAY800237,O50237,2025-10-30,Success,21816.53
PAY800238,O50238,2025-01-16,Success,11864.24
PAY800239,O50239,2025-02-03,Success,17246.83
PAY800240,O50240,2025-06-05,Success,24071.92
PAY800241,O50241,2025-05-27,Success,7830.1
PAY800242,O50242,2025-07-19,Success,19149.39
PAY800243,O50243,2025-09-27,Success,1057.72
PAY800244,O50244,2025-08-03,Success,3050.85
PAY800245,O50245,2025-04-04,Success,4465.69
PAY800246,O50246,2025-05-03,Success,8154.25
PAY800247,O50247,2025-10-04,Refunded,10373.19
PAY800248,O50248,2025-03-17,Success,12186.89
PAY800249,O50249,2025-07-05,Success,6510.62
PAY800250,O50250,2025-07-18,Success,2122.28
PAY800251,O50251,2025-10-04,Success,17099.32
PAY800252,O50252,2025-09-20,Failed,1079.7
PAY800253,O50253,2025-06-22,Success,20332.03
PAY800254,O50254,2025-04-25,Success,23264.29
PAY800255,O50255,2025-05-16,Success,17904.04
PAY800256,O50256,2025-06-02,Success,15101.03
PAY800257,O50257,2025-03-25,Pending,16596.95
PAY800258,O50258,2025-08-20,Success,16479.44
PAY800259,O50259,2025-03-19,Success,23326.78
PAY800260,O50260,2025-08-27,Success,24125.49
PAY800261,O50261,2025-10-05,Success,10954.44
PAY800262,O50262,2025-12-20,Success,15618.44
PAY800263,O50263,2025-02-15,Pending,20168.77
PAY800264,O50264,2025-10-06,Success,525.43
PAY800265,O50265,2025-02-04,Success,13411.89
PAY800266,O50266,2025-05-07,Refunded,16495.47
PAY800267,O50267,2025-03-06,Success,18071.53
PAY800268,O50268,2025-03-01,Success,9535.34
PAY800269,O50269,2025-03-06,Success,7743.29
PAY800270,O50270,2025-01-18,Success,4962.49
PAY800271,O50271,2025-10-28,Success,14166.48
PAY800272,O50272,2025-01-26,Success,23022.93
PAY800273,O50273,2025-05-29,Success,22451.46
PAY800274,O50274,2025-09-13,Failed,9319.17
PAY800275,O50275,2025-12-31,Success,6817.45
PAY800276,O50276,2025-11-08,Success,19825.45
PAY800277,O50277,2025-02-23,Refunded,18262.01
PAY800278,O50278,2025-12-28,Success,12880.83
PAY800279,O50279,2025-08-27,Success,10031.24
PAY800280,O50280,2025-03-08,Success,3533.05
PAY800281,O50281,2025-06-16,Success,19735.9
PAY800282,O50282,2025-12-05,Success,15627.88
PAY800283,O50283,2025-05-24,Success,9733.6
PAY800284,O50284,2025-03-12,Success,23010.31
PAY800285,O50285,2025-11-17,Success,16661.98
PAY800286,O50286,2025-12-15,Success,23266.35
PAY800287,O50287,2025-12-23,Success,12123.11
PAY800288,O50288,2025-12-18,Success,11638.14
PAY800289,O50289,2025-11-18,Success,23462.36
PAY800290,O50290,2025-06-17,Success,24014.89
PAY800291,O50291,2025-03-14,Success,24038.8
PAY800292,O50292,2025-08-17,Failed,20562.99
PAY800293,O50293,2025-03-22,Pending,11828.95
PAY800294,O50294,2025-06-22,Success,5652.33
PAY800295,O50295,2025-08-28,Refunded,9894.3
PAY800296,O50296,2025-12-13,Failed,23488.29
PAY800297,O50297,2025-04-17,Success,9407.08
PAY800298,O50298,2025-04-02,Success,19039.58
PAY800299,O50299,2025-09-28,Success,23113.61
PAY800300,O50300,2025-01-03,Success,24274.61
PAY800301,O50301,2025-07-29,Success,23718.02
PAY800302,O50302,2025-10-02,Success,14098.91
PAY800303,O50303,2025-07-24,Success,12551.06
PAY800304,O50304,2025-05-21,Success,24697.19
PAY800305,O50305,2025-11-02,Failed,5845.39
PAY800306,O50306,2025-05-18,Success,5094.49
PAY800307,O50307,2025-09-20,Success,24097.97
PAY800308,O50308,2025-06-21,Success,17385.27
PAY800309,O50309,2025-01-12,Success,13639.45
PAY800310,O50310,2025-07-13,Success,3735.22
PAY800311,O50311,2025-01-21,Success,13074.39
PAY800312,O50312,2025-12-07,Success,23633.42
PAY800313,O50313,2025-08-11,Success,15270.84
PAY800314,O50314,2025-05-18,Success,10413.4
PAY800315,O50315,2025-06-27,Success,14002.02
PAY800316,O50316,2025-08-18,Success,22210.55
PAY800317,O50317,2025-04-05,Success,22864.79
PAY800318,O50318,2025-04-17,Success,10302.16
PAY800319,O50319,2025-06-02,Success,15397.49
PAY800320,O50320,2025-04-08,Success,7340.46
PAY800321,O50321,2025-10-04,Success,11551.59
PAY800322,O50322,2025-02-10,Success,5887.12
PAY800323,O50323,2025-10-29,Success,13521.07
PAY800324,O50324,2025-05-10,Success,14666.88
PAY800325,O50325,2025-07-24,Success,8777.0
PAY800326,O50326,2025-02-28,Success,7166.9
PAY800327,O50327,2025-05-23,Success,4200.13
PAY800328,O50328,2025-10-05,Success,3918.82
PAY800329,O50329,2025-04-12,Success,17930.8
PAY800330,O50330,2025-02-21,Success,5930.13
PAY800331,O50331,2025-07-12,Success,3390.44
PAY800332,O50332,2025-03-02,Success,24972.36
PAY800333,O50333,2025-04-26,Success,6867.95
PAY800334,O50334,2025-06-17,Failed,22453.18
PAY800335,O50335,2025-07-27,Success,15425.06
PAY800336,O50336,2025-08-25,Success,18019.22
PAY800337,O50337,2025-09-05,Success,14242.51
PAY800338,O50338,2025-11-06,Success,4929.87
PAY800339,O50339,2025-01-28,Success,21252.76
PAY800340,O50340,2025-05-15,Success,20785.33
PAY800341,O50341,2025-01-01,Success,9067.29
PAY800342,O50342,2025-01-06,Success,19214.34
PAY800343,O50343,2025-03-19,Success,13804.49
PAY800344,O50344,2025-08-10,Success,22771.7
PAY800345,O50345,2025-11-23,Success,20169.2
PAY800346,O50346,2025-10-13,Success,1504.4
PAY800347,O50347,2025-08-27,Success,22042.26
PAY800348,O50348,2025-10-12,Success,24229.88
PAY800349,O50349,2025-03-06,Success,18682.83
PAY800350,O50350,2025-11-03,Pending,3437.88
PAY800351,O50351,2025-11-22,Success,20280.71
PAY800352,O50352,2025-02-05,Success,16363.48
PAY800353,O50353,2025-06-23,Success,8801.24
PAY800354,O50354,2025-11-02,Success,22158.75
PAY800355,O50355,2025-06-24,Success,14356.38
PAY800356,O50356,2025-11-04,Success,21396.73
PAY800357,O50357,2025-12-08,Success,16917.79
PAY800358,O50358,2025-06-26,Success,7568.64
PAY800359,O50359,2025-01-23,Refunded,24387.96
PAY800360,O50360,2025-05-06,Success,14489.64
PAY800361,O50361,2025-03-20,Success,13160.5
PAY800362,O50362,2025-06-24,Success,10385.99
PAY800363,O50363,2025-08-04,Success,3840.43
PAY800364,O50364,2025-06-22,Failed,17312.22
PAY800365,O50365,2025-03-14,Success,11054.58
PAY800366,O50366,2025-04-22,Failed,23398.01
PAY800367,O50367,2025-09-09,Success,24144.88
PAY800368,O50368,2025-01-11,Success,19307.2
PAY800369,O50369,2025-03-21,Success,6441.12
PAY800370,O50370,2025-11-22,Success,18041.5
PAY800371,O50371,2025-02-09,Failed,1000.33
PAY800372,O50372,2025-06-01,Success,20746.81
PAY800373,O50373,2025-03-17,Success,12593.65
PAY800374,O50374,2025-02-08,Success,23450.12
PAY800375,O50375,2025-06-06,Success,9755.12
PAY800376,O50376,2025-07-11,Success,6947.75
PAY800377,O50377,2025-03-08,Success,24878.88
PAY800378,O50378,2025-01-31,Success,13501.61
PAY800379,O50379,2025-02-19,Pending,21647.97
PAY800380,O50380,2025-08-27,Success,22820.9
PAY800381,O50381,2025-11-11,Success,13202.48
PAY800382,O50382,2025-03-07,Success,11664.99
PAY800383,O50383,2025-04-28,Pending,14045.71
PAY800384,O50384,2025-05-07,Refunded,21269.62
PAY800385,O50385,2025-05-12,Success,24134.18
PAY800386,O50386,2025-04-01,Success,8543.89
PAY800387,O50387,2025-01-22,Success,18596.44
PAY800388,O50388,2025-07-14,Success,7491.67
PAY800389,O50389,2025-05-13,Success,15468.35
PAY800390,O50390,2025-05-06,Success,20217.34
PAY800391,O50391,2025-04-08,Pending,22218.91
PAY800392,O50392,2025-12-06,Success,11493.55
PAY800393,O50393,2025-08-12,Success,9559.01
PAY800394,O50394,2025-06-04,Success,6709.56
PAY800395,O50395,2025-03-16,Success,3768.72
PAY800396,O50396,2025-10-23,Success,9440.48
PAY800397,O50397,2025-11-23,Success,21863.46
PAY800398,O50398,2025-01-15,Success,10760.83
PAY800399,O50399,2025-12-07,Success,8273.68
PAY800400,O50400,2025-09-16,Success,18608.74
PAY800401,O50401,2025-02-07,Success,5781.82
PAY800402,O50402,2025-10-05,Success,6779.03
PAY800403,O50403,2025-02-11,Success,23429.76
PAY800404,O50404,2025-01-21,Success,2498.95
PAY800405,O50405,2025-02-12,Success,10658.46
PAY800406,O50406,2025-06-20,Success,14630.4
PAY800407,O50407,2025-08-15,Success,6141.39
PAY800408,O50408,2025-05-29,Failed,7384.81
PAY800409,O50409,2025-02-15,Success,5935.21
PAY800410,O50410,2025-03-17,Success,8957.05
PAY800411,O50411,2025-11-11,Success,22513.39
PAY800412,O50412,2025-12-21,Success,11073.89
PAY800413,O50413,2025-10-05,Success,10736.81
PAY800414,O50414,2025-02-10,Failed,9971.23
PAY800415,O50415,2025-10-28,Success,24120.84
PAY800416,O50416,2025-09-11,Pending,3373.84
PAY800417,O50417,2025-07-12,Success,21860.95
PAY800418,O50418,2025-02-25,Success,8515.45
PAY800419,O50419,2025-12-31,Success,23934.53
PAY800420,O50420,2025-06-11,Success,8223.07
PAY800421,O50421,2025-01-18,Pending,2530.42
PAY800422,O50422,2025-03-20,Pending,13241.03
PAY800423,O50423,2025-05-28,Success,6082.71
PAY800424,O50424,2025-01-24,Success,18948.25
PAY800425,O50425,2025-04-30,Success,16603.99
PAY800426,O50426,2025-06-22,Success,17318.49
PAY800427,O50427,2025-12-15,Success,5240.49
PAY800428,O50428,2025-02-03,Success,17861.44
PAY800429,O50429,2025-07-30,Success,8127.61
PAY800430,O50430,2025-12-02,Pending,24967.51
PAY800431,O50431,2025-10-24,Success,18428.31
PAY800432,O50432,2025-12-04,Success,14965.08
PAY800433,O50433,2025-03-04,Success,21744.39
PAY800434,O50434,2025-10-21,Failed,14938.14
PAY800435,O50435,2025-12-26,Success,14042.37
PAY800436,O50436,2025-05-02,Success,6314.23
PAY800437,O50437,2025-07-02,Success,17113.74
PAY800438,O50438,2025-07-15,Failed,9678.79
PAY800439,O50439,2025-06-30,Success,1555.52
PAY800440,O50440,2025-04-18,Pending,20493.51
PAY800441,O50441,2025-12-23,Success,1770.89
PAY800442,O50442,2025-12-16,Success,16971.35
PAY800443,O50443,2025-05-20,Success,4339.66
PAY800444,O50444,2025-10-24,Failed,11097.95
PAY800445,O50445,2025-05-27,Success,21547.75
PAY800446,O50446,2025-10-20,Success,2813.28
PAY800447,O50447,2025-08-04,Success,16845.19
PAY800448,O50448,2025-06-21,Success,15509.16
PAY800449,O50449,2025-02-19,Success,21754.48
PAY800450,O50450,2025-08-28,Success,4732.0
PAY800451,O50451,2025-05-01,Success,20094.79
PAY800452,O50452,2025-03-22,Success,11527.97
PAY800453,O50453,2025-03-14,Success,11001.78
PAY800454,O50454,2025-12-26,Pending,9363.72
PAY800455,O50455,2025-02-10,Success,9946.57
PAY800456,O50456,2025-10-19,Success,13239.01
PAY800457,O50457,2025-11-16,Failed,3116.6
PAY800458,O50458,2025-01-12,Success,10914.11
PAY800459,O50459,2025-08-07,Success,16473.54
PAY800460,O50460,2025-07-30,Success,12705.71
PAY800461,O50461,2025-05-11,Success,4562.82
PAY800462,O50462,2025-09-01,Success,9394.77
PAY800463,O50463,2025-06-01,Success,11352.56
PAY800464,O50464,2025-06-11,Failed,16887.43
PAY800465,O50465,2025-06-09,Success,22568.77
PAY800466,O50466,2025-10-23,Success,13984.2
PAY800467,O50467,2025-08-20,Success,17071.02
PAY800468,O50468,2025-05-21,Success,2391.15
PAY800469,O50469,2025-12-07,Success,23884.44
PAY800470,O50470,2025-10-21,Refunded,8222.61
PAY800471,O50471,2025-12-10,Success,9180.15
PAY800472,O50472,2025-09-26,Success,5959.65
PAY800473,O50473,2025-05-23,Success,2574.42
PAY800474,O50474,2025-10-12,Success,19856.15
PAY800475,O50475,2025-05-02,Success,6392.01
PAY800476,O50476,2025-04-09,Success,7425.85
PAY800477,O50477,2025-06-17,Success,4954.01
PAY800478,O50478,2025-12-20,Success,24384.69
PAY800479,O50479,2025-07-27,Failed,19635.35
PAY800480,O50480,2025-05-21,Success,23282.54
PAY800481,O50481,2025-06-21,Success,21612.22
PAY800482,O50482,2025-04-19,Success,22704.27
PAY800483,O50483,2025-09-01,Success,12236.33
PAY800484,O50484,2025-05-09,Success,4678.27
PAY800485,O50485,2025-07-22,Failed,8508.57
PAY800486,O50486,2025-05-16,Success,7665.06
PAY800487,O50487,2025-04-28,Success,18069.78
PAY800488,O50488,2025-12-23,Success,1128.98
PAY800489,O50489,2025-05-08,Success,3980.03
PAY800490,O50490,2025-01-29,Success,17230.69
PAY800491,O50491,2025-05-20,Success,3524.34
PAY800492,O50492,2025-07-15,Success,1683.15
PAY800493,O50493,2025-02-07,Success,3175.77
PAY800494,O50494,2025-04-24,Success,17421.52
PAY800495,O50495,2025-03-02,Success,3913.47
PAY800496,O50496,2025-07-03,Refunded,4084.46
PAY800497,O50497,2025-09-22,Success,6142.35
PAY800498,O50498,2025-12-22,Success,18897.31
PAY800499,O50499,2025-05-25,Success,5408.65
PAY800500,O50500,2025-11-14,Success,1366.7
PAY800501,O50501,2025-03-23,Success,22693.65
PAY800502,O50502,2025-10-14,Success,21969.8
PAY800503,O50503,2025-07-26,Success,5028.07
PAY800504,O50504,2025-10-04,Success,7000.89
PAY800505,O50505,2025-10-05,Success,5119.66
PAY800506,O50506,2025-07-15,Success,18128.6
PAY800507,O50507,2025-04-05,Success,6625.22
PAY800508,O50508,2025-07-15,Refunded,23320.52
PAY800509,O50509,2025-11-01,Success,20777.21
PAY800510,O50510,2025-12-22,Success,14915.83
PAY800511,O50511,2025-12-07,Success,718.99
PAY800512,O50512,2025-03-11,Success,22149.9
PAY800513,O50513,2025-08-07,Success,18330.16
PAY800514,O50514,2025-02-09,Success,19803.73
PAY800515,O50515,2025-09-04,Success,2259.72
PAY800516,O50516,2025-12-30,Success,17859.72
PAY800517,O50517,2025-01-23,Refunded,20212.44
PAY800518,O50518,2025-08-29,Success,23937.57
PAY800519,O50519,2025-12-12,Success,14721.53
PAY800520,O50520,2025-11-07,Success,12947.03
PAY800521,O50521,2025-05-25,Success,10922.22
PAY800522,O50522,2025-02-10,Pending,17681.55
PAY800523,O50523,2025-12-04,Success,23060.12
PAY800524,O50524,2025-12-03,Success,15194.0
PAY800525,O50525,2025-07-31,Success,6068.45
PAY800526,O50526,2025-12-26,Success,930.56
PAY800527,O50527,2025-01-05,Refunded,15668.27
PAY800528,O50528,2025-08-16,Success,21682.65
PAY800529,O50529,2025-01-18,Success,2116.39
PAY800530,O50530,2025-12-11,Refunded,10240.49
PAY800531,O50531,2025-09-08,Pending,23531.15
PAY800532,O50532,2025-12-02,Success,12791.09
PAY800533,O50533,2025-07-25,Success,5906.13
PAY800534,O50534,2025-02-03,Success,9164.58
PAY800535,O50535,2025-01-13,Success,10499.42
PAY800536,O50536,2025-05-06,Success,3373.59
PAY800537,O50537,2025-10-02,Success,16689.41
PAY800538,O50538,2025-02-26,Success,15008.03
PAY800539,O50539,2025-11-08,Success,16369.21
PAY800540,O50540,2025-04-01,Success,15464.39
PAY800541,O50541,2025-07-02,Success,908.47
PAY800542,O50542,2025-03-19,Success,4774.34
PAY800543,O50543,2025-06-22,Success,4556.51
PAY800544,O50544,2025-06-16,Success,2899.81
PAY800545,O50545,2025-01-03,Success,18519.16
PAY800546,O50546,2025-07-29,Success,3443.36
PAY800547,O50547,2025-10-16,Success,16870.75
PAY800548,O50548,2025-12-09,Success,4870.56
PAY800549,O50549,2025-05-01,Success,3398.6
PAY800550,O50550,2025-11-20,Success,4481.99
PAY800551,O50551,2025-11-17,Success,12955.88
PAY800552,O50552,2025-12-27,Refunded,16314.32
PAY800553,O50553,2025-05-17,Success,20392.16
PAY800554,O50554,2025-11-09,Success,3649.77
PAY800555,O50555,2025-07-26,Success,15596.58
PAY800556,O50556,2025-01-23,Success,19459.07
PAY800557,O50557,2025-04-09,Success,8153.93
PAY800558,O50558,2025-09-05,Success,2453.03
PAY800559,O50559,2025-02-28,Failed,4320.68
PAY800560,O50560,2025-06-08,Success,2743.19
PAY800561,O50561,2025-10-11,Success,22236.69
PAY800562,O50562,2025-02-26,Success,9729.19
PAY800563,O50563,2025-07-01,Success,13322.04
PAY800564,O50564,2025-03-21,Success,19332.86
PAY800565,O50565,2025-07-18,Success,9601.71
PAY800566,O50566,2025-03-31,Success,16403.02
PAY800567,O50567,2025-12-22,Success,2378.66
PAY800568,O50568,2025-01-29,Refunded,12282.19
PAY800569,O50569,2025-12-21,Success,2864.71
PAY800570,O50570,2025-10-17,Success,6582.96
PAY800571,O50571,2025-11-11,Failed,7686.85
PAY800572,O50572,2025-11-08,Success,18080.8
PAY800573,O50573,2025-03-10,Failed,17015.55
PAY800574,O50574,2025-12-09,Success,18803.46
PAY800575,O50575,2025-08-07,Success,2013.0
PAY800576,O50576,2025-12-18,Success,24850.9
PAY800577,O50577,2025-11-17,Success,1833.29
PAY800578,O50578,2025-08-02,Success,20730.82
PAY800579,O50579,2025-05-19,Refunded,18636.59
PAY800580,O50580,2025-02-12,Failed,14998.16
PAY800581,O50581,2025-02-09,Failed,11252.0
PAY800582,O50582,2025-05-25,Success,19049.74
PAY800583,O50583,2025-10-25,Success,18626.52
PAY800584,O50584,2025-07-04,Success,3860.87
PAY800585,O50585,2025-06-26,Success,19919.5
PAY800586,O50586,2025-04-01,Success,2424.65
PAY800587,O50587,2025-07-26,Success,12763.38
PAY800588,O50588,2025-08-22,Success,16304.5
PAY800589,O50589,2025-12-25,Success,20631.38
PAY800590,O50590,2025-09-24,Success,11846.2
PAY800591,O50591,2025-08-10,Success,6303.02
PAY800592,O50592,2025-11-30,Success,12521.16
PAY800593,O50593,2025-06-06,Refunded,6630.1
PAY800594,O50594,2025-12-09,Success,13453.77
PAY800595,O50595,2025-05-18,Success,11831.45
PAY800596,O50596,2025-02-18,Success,19622.36
PAY800597,O50597,2025-06-02,Success,6382.21
PAY800598,O50598,2025-02-19,Success,5399.64
PAY800599,O50599,2025-02-15,Pending,12117.54
PAY800600,O50600,2025-11-19,Success,1737.36
PAY800601,O50601,2025-10-18,Success,6118.85
PAY800602,O50602,2025-03-25,Success,9165.77
PAY800603,O50603,2025-11-04,Success,12446.93
PAY800604,O50604,2025-01-27,Refunded,7101.2
PAY800605,O50605,2025-04-14,Failed,14235.59
PAY800606,O50606,2025-09-15,Success,22021.16
PAY800607,O50607,2025-04-22,Success,13821.32
PAY800608,O50608,2025-09-24,Success,7527.57
PAY800609,O50609,2025-11-16,Success,2018.53
PAY800610,O50610,2025-01-26,Failed,3848.32
PAY800611,O50611,2025-01-09,Success,14249.83
PAY800612,O50612,2025-12-11,Refunded,17250.87
PAY800613,O50613,2025-07-12,Success,1716.86
PAY800614,O50614,2025-07-07,Success,5045.97
PAY800615,O50615,2025-06-19,Success,8317.49
PAY800616,O50616,2025-06-10,Failed,8334.44
PAY800617,O50617,2025-09-12,Success,23980.97
PAY800618,O50618,2025-08-02,Success,5492.38
PAY800619,O50619,2025-03-02,Success,2031.75
PAY800620,O50620,2025-08-18,Success,9148.86
PAY800621,O50621,2025-09-01,Success,3793.83
PAY800622,O50622,2025-02-12,Success,3601.26
PAY800623,O50623,2025-05-21,Success,10482.54
PAY800624,O50624,2025-10-18,Success,8006.58
PAY800625,O50625,2025-08-15,Success,2747.31
PAY800626,O50626,2025-02-19,Success,15305.43
PAY800627,O50627,2025-01-18,Success,12791.64
PAY800628,O50628,2025-08-01,Refunded,2388.94
PAY800629,O50629,2025-06-20,Success,21637.24
PAY800630,O50630,2025-12-18,Success,7475.47
PAY800631,O50631,2025-07-11,Success,24053.83
PAY800632,O50632,2025-12-06,Pending,23322.7
PAY800633,O50633,2025-03-21,Success,11135.37
PAY800634,O50634,2025-06-15,Success,6099.89
PAY800635,O50635,2025-02-21,Success,20953.89
PAY800636,O50636,2025-07-29,Success,9351.5
PAY800637,O50637,2025-03-11,Success,4506.99
PAY800638,O50638,2025-06-29,Success,14014.39
PAY800639,O50639,2025-05-07,Pending,12490.36
PAY800640,O50640,2025-03-12,Success,21325.44
PAY800641,O50641,2025-02-08,Success,18367.39
PAY800642,O50642,2025-07-09,Refunded,21965.42
PAY800643,O50643,2025-12-12,Success,18500.22
PAY800644,O50644,2025-03-15,Success,16233.29
PAY800645,O50645,2025-05-28,Refunded,12754.34
PAY800646,O50646,2025-03-24,Success,24695.06
PAY800647,O50647,2025-10-25,Failed,23999.54
PAY800648,O50648,2025-06-04,Success,21296.9
PAY800649,O50649,2025-12-23,Success,19495.32
PAY800650,O50650,2025-03-31,Success,14650.21
PAY800651,O50651,2025-01-31,Success,6863.96
PAY800652,O50652,2025-08-02,Failed,21948.26
PAY800653,O50653,2025-08-28,Pending,765.0
PAY800654,O50654,2025-12-28,Success,6072.28
PAY800655,O50655,2025-11-17,Success,10391.44
PAY800656,O50656,2025-11-20,Success,14860.85
PAY800657,O50657,2025-08-22,Success,14241.54
PAY800658,O50658,2025-05-15,Pending,4807.49
PAY800659,O50659,2025-06-06,Success,3067.56
PAY800660,O50660,2025-02-21,Success,5947.06
PAY800661,O50661,2025-06-07,Failed,9043.37
PAY800662,O50662,2025-05-17,Success,844.32
PAY800663,O50663,2025-01-15,Success,17465.17
PAY800664,O50664,2025-03-18,Success,6569.32
PAY800665,O50665,2025-07-18,Success,9109.41
PAY800666,O50666,2025-05-17,Success,8705.09
PAY800667,O50667,2025-12-30,Success,13039.83
PAY800668,O50668,2025-06-27,Success,21565.09
PAY800669,O50669,2025-12-17,Success,4160.05
PAY800670,O50670,2025-09-01,Success,8847.81
PAY800671,O50671,2025-01-17,Success,17454.71
PAY800672,O50672,2025-03-17,Refunded,1583.67
PAY800673,O50673,2025-09-15,Success,20834.48
PAY800674,O50674,2025-07-19,Success,24064.72
PAY800675,O50675,2025-04-24,Failed,15387.11
PAY800676,O50676,2025-07-12,Success,23934.46
PAY800677,O50677,2025-11-28,Success,10620.01
PAY800678,O50678,2025-05-23,Pending,10668.28
PAY800679,O50679,2025-01-19,Success,3103.1
PAY800680,O50680,2025-04-25,Success,1368.45
PAY800681,O50681,2025-12-08,Success,6490.36
PAY800682,O50682,2025-10-06,Success,12214.15
PAY800683,O50683,2025-11-03,Success,12938.22
PAY800684,O50684,2025-12-01,Success,5830.6
PAY800685,O50685,2025-02-13,Success,15513.74
PAY800686,O50686,2025-04-14,Pending,4939.54
PAY800687,O50687,2025-01-23,Success,8492.17
PAY800688,O50688,2025-01-03,Success,5294.88
PAY800689,O50689,2025-11-03,Success,17568.26
PAY800690,O50690,2025-12-09,Failed,13156.03
PAY800691,O50691,2025-02-27,Success,18534.48
PAY800692,O50692,2025-09-21,Success,1902.58
PAY800693,O50693,2025-07-17,Success,10921.37
PAY800694,O50694,2025-01-29,Success,24190.49
PAY800695,O50695,2025-12-03,Success,1813.68
PAY800696,O50696,2025-11-16,Failed,10750.28
PAY800697,O50697,2025-07-28,Success,1489.76
PAY800698,O50698,2025-09-17,Success,4093.01
PAY800699,O50699,2025-05-25,Success,11831.9
PAY800700,O50700,2025-10-17,Success,4359.08
PAY800701,O50701,2025-06-15,Success,13209.51
PAY800702,O50702,2025-12-31,Success,23106.93
PAY800703,O50703,2025-01-27,Success,5409.99
PAY800704,O50704,2025-03-06,Success,3126.07
PAY800705,O50705,2025-12-23,Success,20719.28
PAY800706,O50706,2025-04-17,Success,11776.61
PAY800707,O50707,2025-04-25,Success,22123.97
PAY800708,O50708,2025-10-16,Success,8000.02
PAY800709,O50709,2025-03-11,Success,15874.53
PAY800710,O50710,2025-07-09,Refunded,23121.18
PAY800711,O50711,2025-04-15,Failed,4706.55
PAY800712,O50712,2025-03-17,Pending,20117.85
PAY800713,O50713,2025-12-21,Failed,15972.16
PAY800714,O50714,2025-03-15,Success,20417.2
PAY800715,O50715,2025-02-06,Success,4681.99
PAY800716,O50716,2025-09-03,Success,11135.12
PAY800717,O50717,2025-11-14,Failed,3656.51
PAY800718,O50718,2025-02-16,Success,24022.01
PAY800719,O50719,2025-09-16,Success,2035.95
PAY800720,O50720,2025-07-17,Success,2104.34
PAY800721,O50721,2025-11-02,Success,22504.83
PAY800722,O50722,2025-02-18,Success,7868.67
PAY800723,O50723,2025-12-26,Success,15126.99
PAY800724,O50724,2025-08-17,Success,7543.15
PAY800725,O50725,2025-11-07,Failed,16394.58
PAY800726,O50726,2025-05-16,Success,5215.5
PAY800727,O50727,2025-12-11,Success,11742.3
PAY800728,O50728,2025-08-20,Success,13570.56
PAY800729,O50729,2025-02-18,Success,8674.25
PAY800730,O50730,2025-12-03,Success,6666.66
PAY800731,O50731,2025-10-18,Success,3935.06
PAY800732,O50732,2025-04-23,Success,17800.54
PAY800733,O50733,2025-07-22,Success,4622.93
PAY800734,O50734,2025-05-23,Success,7657.1
PAY800735,O50735,2025-07-18,Failed,8754.26
PAY800736,O50736,2025-12-20,Success,11631.99
PAY800737,O50737,2025-11-25,Success,17712.93
PAY800738,O50738,2025-03-22,Success,10984.66
PAY800739,O50739,2025-12-22,Success,21841.79
PAY800740,O50740,2025-06-09,Failed,17154.75
PAY800741,O50741,2025-09-18,Success,21042.92
PAY800742,O50742,2025-10-09,Success,18050.67
PAY800743,O50743,2025-06-29,Success,4141.48
PAY800744,O50744,2025-06-19,Success,24459.22
PAY800745,O50745,2025-06-16,Success,19771.36
PAY800746,O50746,2025-11-14,Success,14531.68
PAY800747,O50747,2025-05-25,Success,4548.16
PAY800748,O50748,2025-04-16,Success,4730.68
PAY800749,O50749,2025-05-13,Success,15551.11
PAY800750,O50750,2025-03-14,Success,10696.83
PAY800751,O50751,2025-05-26,Success,17058.56
PAY800752,O50752,2025-02-11,Success,9624.48
PAY800753,O50753,2025-02-04,Success,13064.71
PAY800754,O50754,2025-09-25,Success,5104.97
PAY800755,O50755,2025-02-01,Success,4302.43
PAY800756,O50756,2025-07-29,Success,2353.3
PAY800757,O50757,2025-10-15,Success,20581.16
PAY800758,O50758,2025-09-25,Success,14106.96
PAY800759,O50759,2025-06-15,Success,23704.96
PAY800760,O50760,2025-03-12,Success,18862.41
PAY800761,O50761,2025-12-06,Success,19334.7
PAY800762,O50762,2025-11-02,Success,12971.93
PAY800763,O50763,2025-08-13,Success,20478.62
PAY800764,O50764,2025-02-02,Success,23580.55
PAY800765,O50765,2025-01-13,Success,18182.64
PAY800766,O50766,2025-04-28,Success,3086.93
PAY800767,O50767,2025-02-27,Success,16449.99
PAY800768,O50768,2025-11-14,Success,3450.61
PAY800769,O50769,2025-03-19,Success,2391.95
PAY800770,O50770,2025-04-17,Success,17476.06
PAY800771,O50771,2025-12-23,Success,20952.24
PAY800772,O50772,2025-10-27,Success,4391.62
PAY800773,O50773,2025-03-24,Success,2316.64
PAY800774,O50774,2025-05-21,Success,22219.81
PAY800775,O50775,2025-07-10,Success,3739.13
PAY800776,O50776,2025-08-31,Success,1359.61
PAY800777,O50777,2025-12-11,Success,18165.83
PAY800778,O50778,2025-11-15,Success,21269.03
PAY800779,O50779,2025-12-26,Success,13104.6
PAY800780,O50780,2025-01-16,Success,13728.17
PAY800781,O50781,2025-03-28,Pending,8753.08
PAY800782,O50782,2025-07-27,Success,6342.35
PAY800783,O50783,2025-01-19,Success,19003.19
PAY800784,O50784,2025-05-11,Success,21307.47
PAY800785,O50785,2025-03-01,Success,8370.5
PAY800786,O50786,2025-12-08,Success,7208.57
PAY800787,O50787,2025-01-25,Success,7060.9
PAY800788,O50788,2025-02-26,Success,1739.59
PAY800789,O50789,2025-03-13,Success,7386.34
PAY800790,O50790,2025-02-27,Success,1128.45
PAY800791,O50791,2025-07-27,Success,19815.99
PAY800792,O50792,2025-05-13,Success,6770.21
PAY800793,O50793,2025-11-30,Success,17408.8
PAY800794,O50794,2025-04-07,Failed,13808.12
PAY800795,O50795,2025-07-18,Success,21017.86
PAY800796,O50796,2025-08-31,Refunded,24029.28
PAY800797,O50797,2025-08-20,Failed,9498.64
PAY800798,O50798,2025-10-21,Success,2664.35
PAY800799,O50799,2025-03-16,Success,18866.32
PAY800800,O50800,2025-07-08,Success,1021.91
PAY800801,O50801,2025-10-20,Failed,5962.6
PAY800802,O50802,2025-11-12,Success,1804.64
PAY800803,O50803,2025-08-15,Success,22504.64
PAY800804,O50804,2025-08-28,Failed,629.78
PAY800805,O50805,2025-11-12,Pending,12572.18
PAY800806,O50806,2025-08-20,Refunded,10887.98
PAY800807,O50807,2025-12-14,Success,16492.24
PAY800808,O50808,2025-02-17,Success,7598.73
PAY800809,O50809,2025-05-09,Success,21905.54
PAY800810,O50810,2025-02-11,Success,18491.47
PAY800811,O50811,2025-02-04,Success,11091.21
PAY800812,O50812,2025-06-25,Success,9271.64
PAY800813,O50813,2025-03-25,Success,20489.26
PAY800814,O50814,2025-05-29,Success,19047.98
PAY800815,O50815,2025-06-11,Success,10275.5
PAY800816,O50816,2025-08-17,Pending,8863.61
PAY800817,O50817,2025-12-12,Success,1452.76
PAY800818,O50818,2025-11-10,Success,2501.83
PAY800819,O50819,2025-05-20,Success,1821.0
PAY800820,O50820,2025-04-29,Success,1098.18
PAY800821,O50821,2025-10-09,Success,4245.37
PAY800822,O50822,2025-02-17,Success,21499.97
PAY800823,O50823,2025-07-17,Success,20054.9
PAY800824,O50824,2025-06-05,Refunded,21216.56
PAY800825,O50825,2025-03-10,Success,15783.11
PAY800826,O50826,2025-08-17,Pending,15789.55
PAY800827,O50827,2025-04-29,Success,3536.33
PAY800828,O50828,2025-03-12,Refunded,17624.65
PAY800829,O50829,2025-08-28,Success,7360.65
PAY800830,O50830,2025-03-08,Success,13221.71
PAY800831,O50831,2025-09-04,Failed,23890.7
PAY800832,O50832,2025-03-01,Failed,21830.08
PAY800833,O50833,2025-06-10,Success,6213.24
PAY800834,O50834,2025-10-25,Success,18547.94
PAY800835,O50835,2025-03-28,Success,3050.22
PAY800836,O50836,2025-10-11,Success,1155.19
PAY800837,O50837,2025-09-21,Pending,1190.27
PAY800838,O50838,2025-11-28,Success,4671.04
PAY800839,O50839,2025-03-05,Success,17526.24
PAY800840,O50840,2025-09-21,Success,9400.99
PAY800841,O50841,2025-12-08,Success,890.59
PAY800842,O50842,2025-10-06,Success,24706.55
PAY800843,O50843,2025-03-12,Success,13567.77
PAY800844,O50844,2025-10-31,Refunded,10150.07
PAY800845,O50845,2025-02-09,Success,13211.82
PAY800846,O50846,2025-08-03,Success,13239.29
PAY800847,O50847,2025-07-02,Success,12020.8
PAY800848,O50848,2025-07-14,Success,15517.25
PAY800849,O50849,2025-07-12,Pending,22197.85
PAY800850,O50850,2025-01-15,Success,7891.99
PAY800851,O50851,2025-07-07,Success,12430.73
PAY800852,O50852,2025-12-11,Success,589.28
PAY800853,O50853,2025-06-09,Success,21565.45
PAY800854,O50854,2025-04-15,Success,7994.65
PAY800855,O50855,2025-12-31,Success,7146.77
PAY800856,O50856,2025-02-07,Success,24939.66
PAY800857,O50857,2025-06-27,Success,14817.63
PAY800858,O50858,2025-07-07,Refunded,3514.56
PAY800859,O50859,2025-06-24,Success,7005.36
PAY800860,O50860,2025-12-04,Pending,9154.05
PAY800861,O50861,2025-06-03,Success,24658.47
PAY800862,O50862,2025-12-22,Success,11050.23
PAY800863,O50863,2025-01-27,Refunded,6138.28
PAY800864,O50864,2025-09-28,Success,14458.41
PAY800865,O50865,2025-08-05,Success,10416.61
PAY800866,O50866,2025-03-31,Success,1846.53
PAY800867,O50867,2025-03-28,Success,21592.53
PAY800868,O50868,2025-09-21,Success,884.34
PAY800869,O50869,2025-08-21,Success,22512.85
PAY800870,O50870,2025-08-12,Success,19900.54
PAY800871,O50871,2025-01-22,Success,2357.67
PAY800872,O50872,2025-08-08,Success,18228.47
PAY800873,O50873,2025-12-25,Success,19388.07
PAY800874,O50874,2025-01-10,Failed,15256.52
PAY800875,O50875,2025-06-24,Success,14652.93
PAY800876,O50876,2025-07-02,Pending,1717.33
PAY800877,O50877,2025-11-24,Success,1957.66
PAY800878,O50878,2025-04-14,Success,18318.57
PAY800879,O50879,2025-06-23,Success,3086.35
PAY800880,O50880,2025-09-19,Failed,6425.18
PAY800881,O50881,2025-01-25,Success,12721.5
PAY800882,O50882,2025-10-21,Failed,4522.01
PAY800883,O50883,2025-10-31,Success,19851.07
PAY800884,O50884,2025-09-20,Success,20280.76
PAY800885,O50885,2025-08-27,Success,21132.51
PAY800886,O50886,2025-10-03,Refunded,1714.42
PAY800887,O50887,2025-10-13,Success,10982.89
PAY800888,O50888,2025-11-28,Refunded,21249.48
PAY800889,O50889,2025-06-08,Success,9398.88
PAY800890,O50890,2025-06-16,Pending,17547.6
PAY800891,O50891,2025-08-22,Success,14936.52
PAY800892,O50892,2025-03-15,Success,9006.61
PAY800893,O50893,2025-11-12,Success,7271.92
PAY800894,O50894,2025-10-10,Pending,16492.21
PAY800895,O50895,2025-08-19,Success,3773.79
PAY800896,O50896,2025-04-21,Success,21573.0
PAY800897,O50897,2025-05-10,Success,14622.86
PAY800898,O50898,2025-06-10,Success,3231.84
PAY800899,O50899,2025-08-31,Success,17736.43
PAY800900,O50900,2025-10-11,Success,11062.26
PAY800901,O50901,2025-09-06,Success,5499.99
PAY800902,O50902,2025-12-07,Success,24046.2
PAY800903,O50903,2025-12-19,Success,18131.37
PAY800904,O50904,2025-09-18,Success,15028.34
PAY800905,O50905,2025-05-18,Pending,21297.25
PAY800906,O50906,2025-08-10,Success,13824.81
PAY800907,O50907,2025-06-07,Success,11316.03
PAY800908,O50908,2025-08-19,Success,5141.45
PAY800909,O50909,2025-10-27,Success,4258.07
PAY800910,O50910,2025-05-17,Success,11083.25
PAY800911,O50911,2025-07-07,Success,11671.38
PAY800912,O50912,2025-01-17,Success,18466.16
PAY800913,O50913,2025-09-28,Success,11331.08
PAY800914,O50914,2025-06-30,Refunded,15032.4
PAY800915,O50915,2025-06-17,Success,20896.7
PAY800916,O50916,2025-07-15,Success,24836.7
PAY800917,O50917,2025-03-23,Success,8401.87
PAY800918,O50918,2025-08-09,Success,22597.88
PAY800919,O50919,2025-10-02,Success,20248.25
PAY800920,O50920,2025-05-08,Success,2166.16
PAY800921,O50921,2025-02-17,Success,8686.89
PAY800922,O50922,2025-05-25,Success,5866.55
PAY800923,O50923,2025-03-15,Success,16777.41
PAY800924,O50924,2025-05-20,Success,14104.83
PAY800925,O50925,2025-08-20,Success,12623.85
PAY800926,O50926,2025-02-12,Success,19207.31
PAY800927,O50927,2025-10-03,Success,8666.06
PAY800928,O50928,2025-03-26,Success,9877.43
PAY800929,O50929,2025-11-23,Success,21708.03
PAY800930,O50930,2025-09-25,Success,24319.11
PAY800931,O50931,2025-04-10,Success,19520.75
PAY800932,O50932,2025-07-27,Success,5818.24
PAY800933,O50933,2025-02-10,Success,3259.96
PAY800934,O50934,2025-02-07,Success,5625.53
PAY800935,O50935,2025-12-16,Success,10857.65
PAY800936,O50936,2025-10-20,Failed,6299.08
PAY800937,O50937,2025-02-27,Success,22575.51
PAY800938,O50938,2025-04-16,Success,16932.71
PAY800939,O50939,2025-03-17,Success,10709.87
PAY800940,O50940,2025-05-26,Success,7208.39
PAY800941,O50941,2025-04-19,Success,9826.19
PAY800942,O50942,2025-05-02,Success,12163.24
PAY800943,O50943,2025-07-14,Failed,17988.65
PAY800944,O50944,2025-03-13,Success,2688.87
PAY800945,O50945,2025-11-22,Failed,21296.41
PAY800946,O50946,2025-09-23,Success,3625.22
PAY800947,O50947,2025-10-07,Success,6930.03
PAY800948,O50948,2025-03-03,Success,24842.95
PAY800949,O50949,2025-09-19,Success,5160.11
PAY800950,O50950,2025-11-04,Success,2977.98
PAY800951,O50951,2025-03-05,Success,16140.93
PAY800952,O50952,2025-10-04,Success,10131.66
PAY800953,O50953,2025-05-12,Success,2749.97
PAY800954,O50954,2025-10-15,Success,591.69
PAY800955,O50955,2025-06-27,Success,2439.46
PAY800956,O50956,2025-10-21,Success,13307.02
PAY800957,O50957,2025-02-23,Success,6156.88
PAY800958,O50958,2025-05-25,Success,19550.03
PAY800959,O50959,2025-04-11,Success,21508.96
PAY800960,O50960,2025-04-03,Refunded,4048.41
PAY800961,O50961,2025-04-23,Success,8756.99
PAY800962,O50962,2025-05-23,Success,4091.07
PAY800963,O50963,2025-02-17,Success,7523.97
PAY800964,O50964,2025-09-17,Success,6360.51
PAY800965,O50965,2025-07-23,Success,19778.19
PAY800966,O50966,2025-11-01,Success,8964.25
PAY800967,O50967,2025-09-15,Success,12641.34
PAY800968,O50968,2025-02-26,Success,17010.43
PAY800969,O50969,2025-01-28,Success,20645.29
PAY800970,O50970,2025-06-05,Success,7879.62
PAY800971,O50971,2025-06-25,Success,5625.91
PAY800972,O50972,2025-03-29,Success,24472.11
PAY800973,O50973,2025-10-16,Success,8343.61
PAY800974,O50974,2025-08-01,Success,16941.17
PAY800975,O50975,2025-10-03,Success,17107.11
PAY800976,O50976,2025-02-12,Success,13093.72
PAY800977,O50977,2025-10-26,Success,6096.96
PAY800978,O50978,2025-03-17,Success,3965.71
PAY800979,O50979,2025-06-15,Success,12431.9
PAY800980,O50980,2025-06-12,Refunded,13017.77
PAY800981,O50981,2025-10-27,Success,19447.49
PAY800982,O50982,2025-04-14,Failed,17890.92
PAY800983,O50983,2025-03-29,Failed,22845.01
PAY800984,O50984,2025-05-05,Success,24286.08
PAY800985,O50985,2025-05-13,Success,18332.36
PAY800986,O50986,2025-03-11,Success,2374.53
PAY800987,O50987,2025-03-09,Refunded,10425.4
PAY800988,O50988,2025-03-28,Success,15415.66
PAY800989,O50989,2025-06-22,Success,14959.78
PAY800990,O50990,2025-05-06,Success,4945.37
PAY800991,O50991,2025-05-24,Pending,14782.15
PAY800992,O50992,2025-09-23,Success,9067.17
PAY800993,O50993,2025-03-30,Success,8803.71
PAY800994,O50994,2025-12-01,Success,20933.17
PAY800995,O50995,2025-10-04,Success,10837.36
PAY800996,O50996,2025-03-06,Failed,13421.2
PAY800997,O50997,2025-04-27,Success,14290.39
PAY800998,O50998,2025-03-10,Success,14293.42
PAY800999,O50999,2025-04-10,Success,5721.48
PAY801000,O51000,2025-05-16,Success,15186.61
PAY801001,O51001,2025-02-17,Success,8698.28
PAY801002,O51002,2025-01-07,Success,16548.0
PAY801003,O51003,2025-06-13,Success,4069.59
PAY801004,O51004,2025-09-16,Success,24855.83
PAY801005,O51005,2025-04-21,Refunded,19415.06
PAY801006,O51006,2025-11-13,Success,10722.66
PAY801007,O51007,2025-05-17,Success,7883.12
PAY801008,O51008,2025-11-27,Success,10001.15
PAY801009,O51009,2025-03-31,Success,18169.6
PAY801010,O51010,2025-07-16,Pending,16557.49
PAY801011,O51011,2025-10-08,Success,17701.27
PAY801012,O51012,2025-01-23,Success,22280.48
PAY801013,O51013,2025-12-06,Success,11679.23
PAY801014,O51014,2025-05-15,Success,16903.27
PAY801015,O51015,2025-07-01,Success,11316.94
PAY801016,O51016,2025-08-20,Success,16133.4
PAY801017,O51017,2025-08-25,Success,12133.18
PAY801018,O51018,2025-01-11,Pending,19528.26
PAY801019,O51019,2025-11-13,Success,628.87
PAY801020,O51020,2025-08-19,Success,5784.92
PAY801021,O51021,2025-12-31,Success,7762.72
PAY801022,O51022,2025-06-23,Success,23662.17
PAY801023,O51023,2025-08-13,Success,12922.63
PAY801024,O51024,2025-06-12,Failed,9426.62
PAY801025,O51025,2025-11-22,Refunded,10405.65
PAY801026,O51026,2025-11-03,Success,11569.65
PAY801027,O51027,2025-12-01,Success,21761.84
PAY801028,O51028,2025-07-07,Success,24077.23
PAY801029,O51029,2025-10-16,Success,21182.03
PAY801030,O51030,2025-05-14,Success,21120.59
PAY801031,O51031,2025-06-18,Success,5375.87
PAY801032,O51032,2025-10-08,Success,7082.61
PAY801033,O51033,2025-02-02,Refunded,15103.2
PAY801034,O51034,2025-09-17,Success,16575.37
PAY801035,O51035,2025-01-06,Success,5466.28
PAY801036,O51036,2025-08-02,Success,18783.91
PAY801037,O51037,2025-06-24,Refunded,5399.11
PAY801038,O51038,2025-06-24,Success,6943.76
PAY801039,O51039,2025-07-02,Failed,8016.49
PAY801040,O51040,2025-07-01,Pending,21226.79
PAY801041,O51041,2025-06-01,Success,18436.06
PAY801042,O51042,2025-06-14,Success,13501.79
PAY801043,O51043,2025-07-29,Success,20583.86
PAY801044,O51044,2025-10-09,Success,20416.74
PAY801045,O51045,2025-07-21,Success,10050.91
PAY801046,O51046,2025-08-23,Success,19645.21
PAY801047,O51047,2025-11-02,Success,5552.95
PAY801048,O51048,2025-12-29,Success,12829.11
PAY801049,O51049,2025-02-09,Success,3396.92
PAY801050,O51050,2025-09-18,Success,10956.46
PAY801051,O51051,2025-03-27,Success,13248.96
PAY801052,O51052,2025-03-14,Success,2458.0
PAY801053,O51053,2025-10-18,Success,11834.01
PAY801054,O51054,2025-01-27,Success,16465.93
PAY801055,O51055,2025-11-09,Success,15545.16
PAY801056,O51056,2025-10-10,Success,1831.67
PAY801057,O51057,2025-12-31,Success,2835.82
PAY801058,O51058,2025-09-04,Success,9108.23
PAY801059,O51059,2025-11-15,Failed,21145.8
PAY801060,O51060,2025-02-14,Success,21809.02
PAY801061,O51061,2025-11-23,Success,8085.52
PAY801062,O51062,2025-03-02,Success,18112.86
PAY801063,O51063,2025-04-28,Success,14646.07
PAY801064,O51064,2025-02-19,Refunded,24593.85
PAY801065,O51065,2025-05-28,Failed,2818.78
PAY801066,O51066,2025-10-04,Success,13923.08
PAY801067,O51067,2025-04-08,Success,15017.17
PAY801068,O51068,2025-10-28,Success,8037.88
PAY801069,O51069,2025-08-13,Failed,1650.35
PAY801070,O51070,2025-08-18,Success,1776.56
PAY801071,O51071,2025-12-10,Refunded,11613.64
PAY801072,O51072,2025-06-09,Success,17465.61
PAY801073,O51073,2025-05-07,Success,17654.31
PAY801074,O51074,2026-01-02,Success,4933.76
PAY801075,O51075,2025-07-24,Success,21520.32
PAY801076,O51076,2025-08-15,Success,9740.48
PAY801077,O51077,2025-04-19,Success,24127.01
PAY801078,O51078,2025-03-20,Success,3394.91
PAY801079,O51079,2025-03-03,Success,20993.14
PAY801080,O51080,2025-03-25,Success,22754.28
PAY801081,O51081,2025-03-13,Success,20655.55
PAY801082,O51082,2025-10-02,Success,20316.61
PAY801083,O51083,2025-01-23,Success,9352.1
PAY801084,O51084,2025-08-20,Refunded,17976.91
PAY801085,O51085,2025-12-16,Failed,14693.99
PAY801086,O51086,2025-10-10,Success,10899.74
PAY801087,O51087,2025-05-28,Success,24831.24
PAY801088,O51088,2025-01-25,Success,7616.14
PAY801089,O51089,2025-11-04,Success,10622.03
PAY801090,O51090,2025-01-04,Pending,22620.1
PAY801091,O51091,2025-09-06,Success,7580.7
PAY801092,O51092,2025-09-04,Success,4240.69
PAY801093,O51093,2025-03-14,Success,8094.99
PAY801094,O51094,2025-09-30,Success,19103.14
PAY801095,O51095,2025-03-07,Failed,21566.42
PAY801096,O51096,2025-03-26,Success,3303.9
PAY801097,O51097,2025-10-26,Failed,15731.96
PAY801098,O51098,2025-12-25,Success,14398.53
PAY801099,O51099,2025-04-10,Success,16885.55
PAY801100,O51100,2025-12-05,Failed,16940.88
PAY801101,O51101,2025-12-01,Success,24006.95
PAY801102,O51102,2025-10-10,Success,8989.97
PAY801103,O51103,2025-02-24,Success,7844.29
PAY801104,O51104,2025-04-21,Pending,14740.02
PAY801105,O51105,2025-09-07,Success,11020.75
PAY801106,O51106,2025-12-31,Success,12106.98
PAY801107,O51107,2025-10-26,Success,2197.29
PAY801108,O51108,2025-06-05,Success,4131.93
PAY801109,O51109,2025-03-30,Success,23416.69
PAY801110,O51110,2025-12-19,Success,2173.14
PAY801111,O51111,2025-04-13,Success,14958.57
PAY801112,O51112,2025-05-06,Pending,18987.09
PAY801113,O51113,2025-12-21,Success,790.66
PAY801114,O51114,2025-07-26,Failed,5957.33
PAY801115,O51115,2025-04-07,Success,9738.26
PAY801116,O51116,2025-01-02,Success,12917.03
PAY801117,O51117,2025-06-08,Success,8869.08
PAY801118,O51118,2025-12-29,Success,16400.48
PAY801119,O51119,2025-06-08,Success,6046.74
PAY801120,O51120,2025-09-16,Success,1124.33
PAY801121,O51121,2025-04-06,Success,538.49
PAY801122,O51122,2025-10-13,Success,8965.04
PAY801123,O51123,2025-10-14,Success,9360.74
PAY801124,O51124,2025-08-12,Success,23740.8
PAY801125,O51125,2025-10-10,Success,1597.13
PAY801126,O51126,2025-08-02,Success,13486.59
PAY801127,O51127,2025-05-21,Success,14656.43
PAY801128,O51128,2025-09-29,Success,17632.24
PAY801129,O51129,2025-11-02,Success,16149.0
PAY801130,O51130,2025-11-06,Success,699.42
PAY801131,O51131,2025-03-19,Success,15980.51
PAY801132,O51132,2025-09-04,Refunded,8398.5
PAY801133,O51133,2025-01-03,Success,19435.29
PAY801134,O51134,2025-07-28,Success,5114.95
PAY801135,O51135,2025-07-29,Success,18047.04
PAY801136,O51136,2025-05-15,Success,15824.64
PAY801137,O51137,2025-12-30,Success,16481.13
PAY801138,O51138,2025-11-19,Success,4810.72
PAY801139,O51139,2025-01-16,Success,16894.76
PAY801140,O51140,2025-03-20,Success,18555.97
PAY801141,O51141,2025-03-20,Success,12490.55
PAY801142,O51142,2025-11-27,Success,8838.96
PAY801143,O51143,2025-07-11,Success,4580.59
PAY801144,O51144,2025-09-24,Failed,7604.03
PAY801145,O51145,2025-10-23,Success,19213.79
PAY801146,O51146,2025-10-09,Success,10530.32
PAY801147,O51147,2025-02-02,Failed,17716.47
PAY801148,O51148,2025-02-23,Success,18632.24
PAY801149,O51149,2025-05-26,Success,17017.17
PAY801150,O51150,2025-05-07,Success,17001.69
PAY801151,O51151,2025-10-01,Success,15464.8
PAY801152,O51152,2025-02-28,Failed,13201.34
PAY801153,O51153,2025-05-18,Failed,5346.51
PAY801154,O51154,2025-03-28,Success,21148.68
PAY801155,O51155,2025-03-13,Success,24124.47
PAY801156,O51156,2025-03-07,Success,11928.86
PAY801157,O51157,2025-03-15,Failed,23364.35
PAY801158,O51158,2025-07-26,Success,24950.87
PAY801159,O51159,2025-06-02,Success,12411.8
PAY801160,O51160,2025-06-11,Success,18246.71
PAY801161,O51161,2025-06-24,Success,16272.86
PAY801162,O51162,2025-09-30,Success,6312.99
PAY801163,O51163,2025-11-14,Refunded,1653.69
PAY801164,O51164,2025-07-13,Success,11607.21
PAY801165,O51165,2025-08-25,Success,19786.52
PAY801166,O51166,2025-09-30,Success,8465.8
PAY801167,O51167,2025-09-10,Failed,19718.75
PAY801168,O51168,2025-02-21,Success,16542.64
PAY801169,O51169,2025-12-27,Success,17540.76
PAY801170,O51170,2025-03-02,Success,7500.65
PAY801171,O51171,2025-05-31,Success,12016.16
PAY801172,O51172,2025-08-29,Success,4951.74
PAY801173,O51173,2025-05-28,Pending,6541.22
PAY801174,O51174,2025-04-02,Success,2701.33
PAY801175,O51175,2025-12-06,Success,3605.95
PAY801176,O51176,2025-01-29,Success,5657.58
PAY801177,O51177,2025-04-01,Refunded,14715.74
PAY801178,O51178,2025-12-30,Success,11309.67
PAY801179,O51179,2025-09-25,Success,7040.02
PAY801180,O51180,2025-02-03,Success,21597.25
PAY801181,O51181,2025-10-04,Refunded,13366.12
PAY801182,O51182,2025-12-21,Failed,23116.18
PAY801183,O51183,2025-02-05,Success,16056.64
PAY801184,O51184,2025-06-03,Success,886.8
PAY801185,O51185,2025-06-22,Success,22880.15
PAY801186,O51186,2025-02-19,Pending,21507.85
PAY801187,O51187,2025-03-16,Success,16064.14
PAY801188,O51188,2025-03-05,Refunded,13601.95
PAY801189,O51189,2025-03-10,Success,11596.69
PAY801190,O51190,2025-05-29,Success,12313.28
PAY801191,O51191,2025-06-19,Success,19345.91
PAY801192,O51192,2025-03-31,Success,13071.97
PAY801193,O51193,2025-04-17,Success,4812.61
PAY801194,O51194,2025-03-13,Success,1925.35
PAY801195,O51195,2025-10-20,Success,3591.56
PAY801196,O51196,2025-03-22,Success,6660.31
PAY801197,O51197,2025-11-29,Success,9509.49
PAY801198,O51198,2025-07-18,Success,22364.19
PAY801199,O51199,2025-10-20,Success,6357.64
